{
  "apiAdministratorEmailDescription": "API Management tarafından gönderilen tüm sistem bildirimlerini alacak olan e-posta adresini ayarlayın.",
  "apiAdministratorEmailLabel": "_Yönetici e-postası",
  "apiManagementAzureDisplayName": "Azure API Management hizmeti",
  "apiManagementAzureDescription": "Azure Logic Apps ve Power Apps uygulamaları tarafından tüketilmesi için API'leri API Management'ta yayımlayın",
  "apiManagementApiAzureDescription": "Azure Logic Apps ve Power Apps uygulamaları tarafından tüketilmesi için API'leri API Management'ta yayımlayın",
  "apiManagementApiAzureDisplayName": "API Management'ta API",
  "apiManagementApiNameNotAvailable": "Ad kullanılamıyor",
  "apiManagementApiResourceNameLabel": "_API adı",
  "apiManagementApiUnableToCheckNameAvailable": "Ad kullanılabilirliği kontrol edilemiyor",
  "apimangementApiCreateNameInstance": "API Management API'si oluşturun",
  "apimapiNameNotMeetCriteria": "API adı alfasayısal bir karakter ile başlayıp bitmeli ve yalnızca alfasayısal karakterler ile kısa çizgiler içermelidir.",
  "apiURLSuffixDescription": "API Hizmeti adının etki alanındaki yol",
  "apiURLSuffixLabel": "API _URL soneki",
  "apiSelectedServiceMustBeSet": "Bir hizmet seçilmelidir",
  "apiManagementApisFolderName": "API'ler",
  "apiURLSuffixMustBeUniqueInService": "URL son eki tek bir hizmet örneğinde benzersiz olmalıdır",
  "apiServicesDropdownLabel": "API _Management hizmeti",
  "apiServicesDropdownDescription": "Bu API'yi barındırabilecek API Management hizmetleri listesi",
  "apiManagementDisplayBasic": "Temel (%99,9 SLA)",
  "apiManagementDisplayConsumption": "Tüketim (%99,9 SLA)",
  "apiManagementDisplayDeveloper": "Geliştirici (SLA yok)",
  "apiManagementDisplayPremium": "Premium (%99,99 SLA)",
  "apiManagementDisplayStandard": "Standart (%99,9 SLA)",
  "apimangementCreateNameInstance": "Yeni API Management hizmeti oluştur",
  "apiManagementUnableToCheckName": "Ad denetlenemiyor",
  "apiManagementResourceNameLabel": "_Ad",
  "apiManagementNameNotAvailable": "Ad zaten kullanılıyor",
  "apiManagementNameNotMeetCriteria": "Ad 1 ile 50 karakter arasında olmalı, bir harfle başlamalı ve yalnızca harfler ile rakamlardan oluşmalıdır",
  "apiManagementAzureCollectiveNoun": "API Management örnekleri",
  "apiManagementApiAzureCollectiveNoun": "API Management API'leri",
  "appInsightsAzureDescription": "Web uygulaması performansını ve kullanımını izleyin (Azure'da çalışan örneğe yönelik bağlantıyla)",
  "appInsightsCollectiveNoun": "Application Insights örnekleri",
  "appInsightsCreateNameInstance": "Yeni bir Application Insights bileşeni oluşturun",
  "appInsightsDisplayName": "Application Insights",
  "appInsightsLogAnalyticsDropdownDescription": "Analiz verilerini depola",
  "appInsightsLogAnalyticsDropdownLabel": "Azure Log _Analytics çalışma alanı",
  "appInsightsLogAnalyticsMustBeSet": "Log Analytics Çalışma Alanı ayarlanmalıdır",
  "appInsightsNameContainsReservedWords": "Kaynak adı ticari markalı veya ayrılmış sözcük içeremez",
  "appInsightsNameNotAvailable": "Ad zaten kullanılıyor",
  "appInsightsNameNotMeetCriteria": "Ad en az 1 ve en fazla 256 karakter uzunluğunda olmalıdır. Ayrıca, yalnızca alfasayısal karakterler ve kısa çizgiler kullanılabilir.",
  "appInsightsResourceNameLabel": "_Ad",
  "appInsightsToLogAnalyticsLocationMismatchWarning": "Application Insights'ı {1} yerine Log Analytics Çalışma Alanı’nın performans, maliyet ve uyumluluk etkilerine sahip olabileceği {0} üzerinde barındırma",
  "appInsightsUnableToCheckNameAvailable": "Ad kullanılabilirliği kontrol edilemiyor",
  "appInsightsUnableToCheckNameValid": "Adın geçerli olup olmadığı denetlenemiyor",
  "springCloudServiceAppInsightsDropdownDescription": "İzleme verilerini depola",
  "springCloudServiceAppInsightsDropdownLabel": "Azure A_pp Insights",
  "springCloudServiceLogAnalyticsDropdownDescription": "Analiz verilerini depola",
  "springCloudServiceLogAnalyticsDropdownLabel": "Azure Log _Analytics çalışma alanı",
  "logAnalyticsAzureDescription": "Azure'da izlenen kaynaklarınızdan toplanan verileri kolayca depolayın, koruyun ve sorgulayın",
  "logAnalyticsUnableToCheckNameAvailable": "Ad kullanılabilirliği kontrol edilemiyor",
  "logAnalyticsAzureCollectiveNoun": "Azure Log Analytics çalışma alanları",
  "logAnalyticsNameNotAvailable": "Ad kullanılamıyor",
  "logAnalyticsCreateNameInstance": "Azure Log Analytics çalışma alanı oluşturun",
  "logAnalyticsSkuDropDownName": "S_KU",
  "logAnalyticsSkuDropDownDescription": "Çalışma alanınızın ücreti, fiyatlandırma katmanına ve kullandığınız çözümlere göre değişir.",
  "logAnalyticsSkuDisplayPerg2018": "Kullandıkça Öde (GB başına 2018)",
  "logAnalyticsNameNotMeetCriteria": "Çalışma alanı adı 4 ila 63 karakter olmalıdır ve ad yalnızca harf, rakam ve '-' karakterlerini içerebilir. '-', ilk veya son karakter olmamalıdır.",
  "logAnalyticsSelectedSkuMustBeSet": "SKU ayarlanmalıdır",
  "logAnalyticsResourceNameLabel": "_Ad",
  "logAnalyticsDisplayName": "Azure Log Analytics çalışma alanı",
  "appConfigAzureDependencyTypeName": "Azure Uygulama Yapılandırması",
  "appConfigAzureDisplayName": "Azure Uygulama Yapılandırması",
  "appConfigAzureDescription": "Uygulamanın Azure'da merkezi olarak yönetilen anahtar-değer ayarlarına ve özellik bayraklarına kolayca erişin.",
  "appConfigCollectiveNoun": "Uygulama Yapılandırması depoları",
  "appConfigResourceNameLabel": "_Kaynak adı",
  "appConfigCreateNameInstance": "Azure Uygulama Yapılandırması deposu oluşturun.",
  "appConfigFreeSkuLimitReached": "Bu abonelik, Ücretsiz katmanda 1 Uygulama Yapılandırma kaynağı sınırına ulaştı",
  "appConfigNameContainsReservedWords": "Ad, ticari markalı veya ayrılmış sözcük içeremez.",
  "appConfigNameNotAvailable": "Ad kullanılamıyor.",
  "appConfigNameNotMeetCriteria": "Ad yalnızca alfa sayısal ASCII karakterleri veya '-' içermelidir ve 5 ile 50 karakter arasında olmalıdır.",
  "appConfigSelectedSkuMustBeSet": "Fiyatlandırma katmanı ayarlanmalıdır.",
  "appConfigSkuDropDownDescription": "Uygulamanızın depolama ve SLA gereksinimleriyle eşleşen fiyatlandırma katmanını seçin.",
  "appConfigSkuDropDownName": "_Fiyatlandırma katmanı",
  "appConfigSkuDisplayFree": "Ücretsiz",
  "appConfigSkuDisplayStandard": "Standart",
  "appConfigUnableToAccess": "'{0}' Uygulama Yapılandırması deposuna erişilemedi. Deponun hala mevcut olduğunu ve erişilebilir olduğunu doğrulayın.",
  "appConfigUnableToCheckNameAvailable": "Adın kullanılabilirliği denetlenemiyor.",
  "appConfigUnableToCheckNameValid": "Adın geçerli olup olmadığı denetlenemiyor.",
  "containerAppsAzureDisplayName": "Azure Container Apps",
  "containerAppsAzureDescription": "Azure'da sunucusuz bir platformda ölçeklenebilir kapsayıcılı uygulamalar ve mikro hizmetler çalıştırın",
  "containerAppsCollectiveNoun": "Kapsayıcı uygulamaları",
  "containerAppsCreateNameInstance": "Azure Kapsayıcı Uygulaması oluşturun",
  "containerAppsResourceNameLabel": "K_apsayıcı uygulaması adı",
  "containerAppsContainerNameLabel": "Kapsayıcı _adı",
  "containerAppsContainerNameDescription": "Kapsayıcılar uygulamasındaki ilk kapsayıcının adı",
  "containerAppsContainerNameNotMeetCriteria": "Kapsayıcı adı 1 ile 63 karakter arasında olmalı, küçük harf veya rakamla başlamalı, küçük harf, rakam ve kısa çizgi içermeli ve küçük harf ya da rakamla bitmelidir",
  "containerAppsNameContainsReservedWords": "Kapsayıcı uygulaması adı ticari markalı veya ayrılmış sözcük içeremez.",
  "containerAppsNameNotMeetCriteria": "Kapsayıcı uygulaması adı 2 ile 32 karakter arasında olmalı, küçük harfle başlamalı, küçük harf, rakam, nokta ve kısa çizgi içermeli ve küçük harf ya da rakamla bitmelidir",
  "containerAppsNameNotAvailable": "Kapsayıcı uygulaması adı kullanılamıyor",
  "containerAppsUnableToCheckNameAvailable": "Kapsayıcı uygulaması adının kullanılabilir olup olmadığı denetlenemiyor",
  "containerAppsUnableToCheckNameValid": "Adın geçerli olup olmadığı denetlenemiyor",
  "containerAppsLocationMustBeSet": "Konum ayarlanmalıdır",
  "containerAppsManagedEnvironmentDisplayName": "Azure Container Apps Ortamı",
  "containerAppsManagedEnvironmentCollectiveNoun": "Container Apps ortamları",
  "containerAppsManagedEnvironmentMustBeSet": "Container Apps ortamı ayarlanmalıdır",
  "containerAppsManagedEnvDropDownName": "C_ontainer Apps ortamı",
  "containerAppsManagedEnvDropDownDescription": "Kapsayıcı uygulamasının içinde çalıştırılacağı ortamı seçin",
  "cosmosdbAzureDependencyTypeName": "Azure Cosmos DB",
  "cosmosdbAzureDisplayName": "Azure Cosmos DB",
  "cosmosdbAzureDescription": "Yüksek oranda ölçeklenebilir, tutarlı ve coğrafi olarak çoğaltılan veri depoları kullanın.",
  "cosmosdbApiDropDownName": "_API",
  "cosmosdbApiDropDownDescription": "Cosmos DB, çok modelli bir veritabanı hizmetidir. Bu hesapla kullanılacak API'yi ve veri modelini seçin",
  "cosmosdbApiCoreName": "Core (SQL)",
  "cosmosdbApiCassandraName": "Cassandra",
  "cosmosdbApiTableName": "Azure Tablosu",
  "cosmosdbApiGremlinName": "Gremlin (graf)",
  "cosmosdbApiMongoName": "MongoDB API'si için Azure Cosmos DB",
  "cosmosdbCollectiveNoun": "Cosmos DB örnekleri",
  "cosmosdbResourceNameLabel": "_Kaynak Adı",
  "cosmosdbCreateNameInstance": "Azure Cosmos DB oluşturun",
  "cosmosDbNameContainsReservedWords": "Ad, ticari markalı veya ayrılmış sözcük içeremez.",
  "cosmosDbNameNotAvailable": "Ad kullanılamıyor",
  "cosmosDbNameNotMeetCriteria": "Ad yalnızca küçük harf, rakam ve kısa çizgi içerebilir. Adın uzunluğu 3 ile 31 karakter arasında olmalıdır.",
  "cosmosDbUnableToCheckNameAvailable": "Ad kullanılabilirliği kontrol edilemiyor",
  "cosmosDbUnableToCheckNameValid": "Adın geçerli olup olmadığı denetlenemiyor",
  "cosmosDbSelectedApiMustBeSet": "API ayarlanmalıdır",
  "formatDisplayNameWithLocation": "{0} ({1})",
  "formatDisplayNameNewItemWithLocation": "*{0} ({1})",
  "indicatorColumnHeader": "",
  "managedEnvironmentDisplayName": "Azure Container Apps Ortamı",
  "managedEnvironmentDescription": "Container Apps’ın çalıştırılacağı Kubernetes tabanlı bir ortam",
  "managedEnvironmentCollectiveNoun": "Kapsayıcı Uygulama ortamları",
  "managedEnvironmentsCreateNameInstance": "Azure Container Apps ortamı oluşturun",
  "managedEnvironmentResourceNameLabel": "_Ortam adı",
  "managedEnvironmentNameNotMeetCriteria": "Ortam adı 2 ile 60 karakter arasında bir uzunlukta olmalı, bir harf veya rakamla başlamalı, harf, rakam ve kısa çizgi içermeli ve bir harf ya da rakamla bitmelidir",
  "managedEnvironmentNameNotAvailable": "Ortam adı kullanılamıyor",
  "managedEnvironmentUnableToCheckNameAvailable": "Ortam adı denetlenemiyor",
  "managedEnvironmentNameContainsReservedWords": "Ortam adı ticari markalı veya ayrılmış sözcük içeremez.",
  "managedEnvironmentUnableToCheckNameValid": "Ortam adının geçerli olup olmadığı denetlenemiyor",
  "managedEnvironmentLocationMustBeSet": "Konum ayarlanmalıdır",
  "managedEnvironmentLogAnalyticsMustBeSet": "Log Analytics ayarlanmalıdır",
  "managedEnvironmentCreateNewInstanceDescription": "Azure Container Apps ortamı oluşturun",
  "managedEnvironmentLogAnalyticsDropdownDescription": "Analiz verilerini depola",
  "managedEnvironmentLogAnalyticsDropdownLabel": "Azure Log _Analytics çalışma alanı",
  "managedEnvNoMoreThan2PerSubscription": "Bir abonelik 2’den fazla yönetilen ortam içeremez",
  "pricingTierColumnHeader": "_Katman",
  "pricingTierDropDownDescription": "Hizmetinizin fiyatlandırma ve güvenilirlik özelliklerini seçin",
  "pricingTierDropDownName": "Fiyatlandırma _katmanı",
  "redisAzureCollectiveNoun": "Azure Redis önbellekleri",
  "redisAzureDependencyTypeName": "Redis için Azure Cache",
  "redisAzureDisplayName": "Redis için Azure Cache",
  "redisAzureDescription": "Redis altyapısının düşük gecikme, yüksek aktarım hızı özelliklerini kullanarak, uygulamanızın kullanıcı yükü arttıkça bile yanıt vermesine yardımcı olun.",
  "redisSkuDropDownName": "_SKU",
  "redisSkuDropDownDescription": "Uygulamanızın önbellek boyutu ve çoğaltma gereksinimleriyle eşleşecek SKU'yu seçin",
  "redisSkuDisplayBasicC0": "Temel C0 (250 MB Önbellek)",
  "redisSkuDisplayBasicC1": "Temel C1 (1 GB Önbellek)",
  "redisSkuDisplayBasicC2": "Temel C2 (2,5 GB Önbellek)",
  "redisSkuDisplayBasicC3": "Temel C3 (6 GB Önbellek)",
  "redisSkuDisplayBasicC4": "Temel C4 (13 GB Önbellek)",
  "redisSkuDisplayBasicC5": "Temel C5 (26 GB Önbellek)",
  "redisSkuDisplayBasicC6": "Temel C6 (53 GB Önbellek)",
  "redisSkuDisplayStandardC0": "Standart C0 (250 MB Önbellek, Çoğaltma)",
  "redisSkuDisplayStandardC1": "Standart C1 (1 GB Önbellek, Çoğaltma)",
  "redisSkuDisplayStandardC2": "Standart C2 (2,5 GB Önbellek, Çoğaltma)",
  "redisSkuDisplayStandardC3": "Standart C3 (6 GB Önbellek, Çoğaltma)",
  "redisSkuDisplayStandardC4": "Standart C4 (13 GB Önbellek, Çoğaltma)",
  "redisSkuDisplayStandardC5": "Standart C5 (26 GB Önbellek, Çoğaltma)",
  "redisSkuDisplayStandardC6": "Standart C6 (53 GB Önbellek, Çoğaltma)",
  "redisSkuDisplayPremiumP1": "Premium P1 (1 GB Önbellek, Çoğaltma)",
  "redisSkuDisplayPremiumP2": "Premium P2 (2,5 GB Önbellek, Çoğaltma)",
  "redisSkuDisplayPremiumP3": "Premium P3 (6 GB Önbellek, Çoğaltma)",
  "redisSkuDisplayPremiumP4": "Premium P4 (13 GB Önbellek, Çoğaltma)",
  "redisSkuDisplayPremiumP5": "Premium P5 (26 GB Önbellek, Çoğaltma)",
  "redisResourceNameLabel": "_Kaynak adı",
  "redisSelectedSkuMustBeSet": "SKU ayarlanmalıdır",
  "redisCreateNameInstance": "Redis için Azure Cache oluşturun",
  "redisNameContainsReservedWords": "Ad, ticari markalı veya ayrılmış sözcük içeremez.",
  "redisNameNotAvailable": "Ad kullanılamıyor",
  "redisNameNotMeetCriteria": "Adlar yalnızca harf, rakam ve kısa çizgi içerebilir. İlk ve son karakterler harf veya rakam olmalıdır. Kısa çizgiler art arda kullanılamaz.",
  "redisUnableToCheckNameAvailable": "Ad kullanılabilirliği kontrol edilemiyor",
  "redisUnableToCheckNameValid": "Adın geçerli olup olmadığı denetlenemiyor",
  "connectionSettingName": "Connection setting _name",
  "connectionStringNameLabel": "Bağlantı _dizesi adı",
  "connectionStringNameDescription": "Kodun bu kaynağa başvuracağı ad",
  "locationDropDownName": "_Konum",
  "locationDropDownDescription": "Kaynağın oluşturulacağı konum",
  "newCommandLabel": "Yeni...",
  "organizationNameIsRequired": "Kuruluş gereklidir",
  "organizationNameLabel": "_Kuruluş",
  "organizationNameDescription": "Kuruluşunuzun, geliştirici portalında ve e-posta bildirimlerinde kullanılacak adını belirtin.",
  "resourceTypeNotSupportedError": "Kaynak türü bu abonelikte desteklenmiyor",
  "selectedLocationMustBeSet": "Konum ayarlanmalıdır",
  "locationColumnHeader": "_Konum",
  "resourceGroupColumnHeader": "Kaynak _grubu",
  "nameColumnHeader": "_Ad",
  "skuColumnHeader": "S_KU",
  "urlSuffixLengthMustBeValid": "URL Soneki 400 karakterden kısa olmalıdır",
  "serviceLinkerDisplayName": "Hizmet Bağlayıcı",
  "serviceLinkerAzureDescription": "Hizmet Bağlayıcı, hesaplama sonucu içeren kaynaklar ile diğer Azure kaynakları arasında bağlantı oluşturur",
  "serviceLinkerAzureCollectiveNoun": "Hizmet Bağlayıcı bağlantıları",
  "signalrCollectiveNoun": "SignalR örnekleri",
  "signalrAzureDescription": "Web uygulamanıza yönelik gerçek zamanlı iletişimleri kolayca etkinleştirin.",
  "signalrAzureDisplayName": "Azure SignalR Hizmeti",
  "signalrPricingTierDropDownName": "_Fiyatlandırma katmanı",
  "signalrPricingTierDropDownDescription": "Uygulamanızın önbellek boyutu ve çoğaltma gereksinimleriyle eşleşecek SKU'yu seçin",
  "signalrPricingTierDisplayStandard": "Standart",
  "signalrPricingTierDisplayFree": "Ücretsiz",
  "signalrPricingTierDisplayPremium": "Premium",
  "signalrResourceNameLabel": "Kaynak _adı",
  "signalrNameNotMeetCriteria": "Ad en az 3 ve en fazla 63 karakter uzunluğunda olmalıdır. Ayrıca, yalnızca alfasayısal karakterler ve kısa çizgiler kullanılabilir.",
  "signalrNameContainsReservedWords": "Kaynak adı ticari markalı veya ayrılmış sözcük içeremez.",
  "signalrUnableToCheckNameAvailable": "Ad kullanılabilirliği kontrol edilemiyor",
  "signalrUnableToCheckNameValid": "Adın geçerli olup olmadığı denetlenemiyor",
  "signalrNameNotAvailable": "Ad zaten kullanılıyor",
  "signalrSelectedSkuMustBeSet": "SKU ayarlanmalıdır",
  "signalrCreateInstanceText": "Azure SignalR Hizmeti örneği oluşturun",
  "signalrSkuCount": "Bir abonelik, en fazla 5 adet Ücretsiz katman SignalR hizmeti içerebilir",
  "azureKubernetesService": "Azure Kubernetes Service",
  "azureKubernetesServiceCollectiveNoun": "Azure Kubernetes Services",
  "azureKubernetesServiceDescription": "Azure Kubernetes Service ortamında çalışan uygulama",
  "azureVirtualMachineScaleSet": "Azure Sanal Makine Ölçek Kümesi",
  "azureVirtualMachineScaleSetCollectiveNoun": "Azure Sanal Makine Ölçek Kümeleri",
  "azureVirtualMachineScaleSetDescription": "Azure Sanal Makine Ölçek Kümelerinde çalışan uygulama",
  "azureVirtualMachineScaleSetWindows": "Azure Sanal Makine Ölçek Kümesi (Windows)",
  "azureVirtualMachineScaleSetWindowsCollectiveNoun": "Azure Sanal Makine Ölçek Kümeleri (Windows)",
  "azureVirtualMachineScaleSetWindowsDescription": "Azure Sanal Makine Ölçek Kümelerinde çalışan uygulama (Windows)",
  "azureClassicVirtualMachine": "Azure Klasik Sanal Makinesi",
  "azureClassicVirtualMachineCollectiveNoun": "Azure Klasik Sanal Makineleri",
  "azureClassicVirtualMachineDescription": "Azure Klasik Sanal Makinesinde çalışan uygulama",
  "azureClassicVirtualMachineWindows": "Azure Klasik Sanal Makinesi (Windows)",
  "azureClassicVirtualMachineWindowsCollectiveNoun": "Azure Klasik Sanal Makineleri (Windows)",
  "azureClassicVirtualMachineWindowsDescription": "Azure Klasik Sanal Makinesinde çalışan uygulama (Windows)",
  "springCloudAppDescription": "Azure Spring Cloud'da çalışan uygulama.",
  "springCloudAppDisplayName": "Azure Spring Cloud uygulaması",
  "springCloudAppsFolderName": "Uygulamalar",
  "springCloudAppCollectiveNoun": "Azure Spring Cloud uygulamaları",
  "springCloudAppCreateNameInstance": "Azure Spring Cloud uygulaması oluştur",
  "springCloudAppResourceNameLabel": "Uygulama _adı",
  "springCloudAppNameContainsReservedWords": "Uygulama adı ticari markalı veya ayrılmış sözcük içeremez.",
  "springCloudAppNameNotMeetCriteria": "Ad yalnızca küçük harf, rakam ve kısa çizgi içerebilir. İlk karakter harf, son karakter ise harf veya rakam olmalıdır. Değerin uzunluğu 4 ile 32 karakter arasında olmalıdır.",
  "springCloudAppNameNotAvailable": "Ad zaten kullanılıyor",
  "springCloudAppUnableToCheckNameAvailable": "Ad kullanılabilirliği kontrol edilemiyor",
  "springCloudAppUnableToCheckNameValid": "Adın geçerli olup olmadığı denetlenemiyor",
  "springCloudDeploymentCollectiveNoun": "Azure Spring Cloud dağıtımları",
  "springCloudDeploymentDescription": "Azure Spring Cloud uygulamaları, mavi/yeşil hizmet testi için birden çok dağıtımı barındırabilir",
  "springCloudDeploymentDisplayName": "Azure Spring Cloud dağıtımı",
  "springCloudServiceCollectiveNoun": "Azure Spring Cloud hizmetleri",
  "springCloudServiceCreateNameInstance": "Azure Spring Cloud oluştur",
  "springCloudServiceDescription": "Azure Spring Cloud, bulutta uygulamalarınızı oluşturmanıza, dağıtmanıza, ölçeklendirmenize ve izlemenize olanak sağlayan bir sunucusuz mikro hizmetler platformudur. Hızlı bir şekilde güçlü .NET uygulamaları oluşturmak için ortak kodu ortadan kaldırarak modern mikro hizmet desenlerini Spring Boot uygulamalarına taşımak için Spring Cloud'u kullanın.",
  "springCloudServiceDisplayName": "Azure Spring Cloud",
  "springCloudServiceLogAnalyticsMustBeSet": "Log Analytics Çalışma Alanı ayarlanmalıdır",
  "springCloudServiceResourceNameLabel": "Hizmet _adı",
  "springCloudServiceNameNotMeetCriteria": "Ad yalnızca küçük harf, rakam ve kısa çizgi içerebilir. İlk karakter harf, son karakter ise harf veya rakam olmalıdır. Değerin uzunluğu 4 ile 32 karakter arasında olmalıdır.",
  "springCloudServiceNameNotAvailable": "Ad zaten kullanılıyor",
  "springCloudServiceUnableToCheckNameAvailable": "Ad kullanılabilirliği kontrol edilemiyor",
  "springCloudServicesDropdownLabel": "Azure S_pring Cloud",
  "springCloudServicesDropdownDescription": "Bu uygulamanın çalıştırılacağı Azure Spring Cloud'u seçin.",
  "springCloudServiceSkuBasic": "Temel",
  "springCloudServiceSkuStandard": "Standart",
  "springCloudServiceLocationMustBeSet": "Konum ayarlanmalıdır",
  "springCloudServiceNoAppInsights": "App Insights Yok",
  "springCloudServiceNoLogAnalytics": "Günlük Analizi Yok",
  "springCloudServiceAppInsightsMustBeSet": "App Insights'ın ayarlanması gerekiyor",
  "springCloudServicePricingTierMustBeSet": "Fiyatlandırma katmanının ayarlanması gerekiyor",
  "springCloudServicePricingTiersLabel": "_Fiyatlandırma katmanı",
  "springCloudServicePricingTiersDescription": "Fiyatlandırma katmanı, örneğiniz ile ilişkili kaynağı ve maliyeti belirler.",
  "springCloudServiceMustBeSet": "Azure Spring Cloud'un ayarlanması gerekiyor",
  "springCloudServiceNameContainsReservedWords": "Hizmet adı ticari markalı veya ayrılmış sözcük içeremez.",
  "springCloudServiceUnableToCheckNameValid": "Adın geçerli olup olmadığı denetlenemiyor"
}