{
  "apiAdministratorEmailDescription": "Establezca la dirección de correo electrónico para recibir todas las notificaciones del sistema que se envíen desde API Management.",
  "apiAdministratorEmailLabel": "Correo electrónico del _administrador",
  "apiManagementAzureDisplayName": "Servicio de Azure API Management",
  "apiManagementAzureDescription": "Publica las API en API Management para su consumo en Azure Logic Apps y Power Apps.",
  "apiManagementApiAzureDescription": "Publica las API en API Management para su consumo en Azure Logic Apps y Power Apps.",
  "apiManagementApiAzureDisplayName": "API en API Management",
  "apiManagementApiNameNotAvailable": "El nombre no está disponible",
  "apiManagementApiResourceNameLabel": "_Nombre de la API",
  "apiManagementApiUnableToCheckNameAvailable": "No se puede comprobar la disponibilidad de nombres.",
  "apimangementApiCreateNameInstance": "Crear una API de API Management",
  "apimapiNameNotMeetCriteria": "El nombre de la API debe comenzar y terminar con un carácter alfanumérico y contener solamente caracteres alfanuméricos y guiones.",
  "apiURLSuffixDescription": "Ruta de acceso en el dominio del nombre del servicio de API",
  "apiURLSuffixLabel": "Sufijo de dirección _URL de API",
  "apiSelectedServiceMustBeSet": "Debe seleccionarse un servicio.",
  "apiManagementApisFolderName": "API",
  "apiURLSuffixMustBeUniqueInService": "El sufijo de la dirección URL debe ser único en una sola instancia de servicio.",
  "apiServicesDropdownLabel": "Servicio _API Management",
  "apiServicesDropdownDescription": "Lista de servicios de API Management que pueden hospedar esta API.",
  "apiManagementDisplayBasic": "Básico (SLA del 99.9 %)",
  "apiManagementDisplayConsumption": "Consumo (SLA del 99.9 %)",
  "apiManagementDisplayDeveloper": "Desarrollador (sin SLA)",
  "apiManagementDisplayPremium": "Premium (SLA del 99.99 %)",
  "apiManagementDisplayStandard": "Estándar (SLA del 99.9 %)",
  "apimangementCreateNameInstance": "Crear un servicio de API Management",
  "apiManagementUnableToCheckName": "No se puede comprobar el nombre",
  "apiManagementResourceNameLabel": "_Nombre",
  "apiManagementNameNotAvailable": "El nombre ya está en uso.",
  "apiManagementNameNotMeetCriteria": "El nombre debe tener entre 1 y 50 caracteres, comenzar con una letra y contener solo letras y números.",
  "apiManagementAzureCollectiveNoun": "Instancias de API Management",
  "apiManagementApiAzureCollectiveNoun": "API de API Management",
  "appInsightsAzureDescription": "Supervise el rendimiento y el uso de la aplicación web (con conexión a una instancia que se ejecute en Azure)",
  "appInsightsCollectiveNoun": "Instancias de Application Insights",
  "appInsightsCreateNameInstance": "Crear un componente de Application Insights",
  "appInsightsDisplayName": "Application Insights",
  "appInsightsLogAnalyticsDropdownDescription": "Almacenar datos de análisis",
  "appInsightsLogAnalyticsDropdownLabel": "Área de trabajo de Azure Log _Analytics",
  "appInsightsLogAnalyticsMustBeSet": "Debe establecerse el área de trabajo de Log Analytics.",
  "appInsightsNameContainsReservedWords": "El nombre del recurso no puede contener ninguna palabra reservada ni marca comercial",
  "appInsightsNameNotAvailable": "El nombre ya está en uso.",
  "appInsightsNameNotMeetCriteria": "El nombre debe tener un mínimo de 1 y un máximo de 256 caracteres. Además, solo se pueden usar caracteres alfanuméricos y guiones.",
  "appInsightsResourceNameLabel": "_Nombre",
  "appInsightsToLogAnalyticsLocationMismatchWarning": "Hosting Application Insights en {0} en lugar de {1} en el que el área de trabajo de Log Analytics puede tener implicaciones de rendimiento, costo y cumplimiento",
  "appInsightsUnableToCheckNameAvailable": "No se puede comprobar la disponibilidad de nombres.",
  "appInsightsUnableToCheckNameValid": "No se puede comprobar si el nombre es válido.",
  "springCloudServiceAppInsightsDropdownDescription": "Almacenar datos de seguimiento",
  "springCloudServiceAppInsightsDropdownLabel": "Azure A_pp Insights",
  "springCloudServiceLogAnalyticsDropdownDescription": "Almacenar datos de análisis",
  "springCloudServiceLogAnalyticsDropdownLabel": "Área de trabajo de Azure Log _Analytics",
  "logAnalyticsAzureDescription": "Almacene, conserve y consulte con facilidad los datos recopilados de sus recursos supervisados en Azure.",
  "logAnalyticsUnableToCheckNameAvailable": "No se puede comprobar la disponibilidad de nombres.",
  "logAnalyticsAzureCollectiveNoun": "Áreas de trabajo de Azure Log Analytics",
  "logAnalyticsNameNotAvailable": "El nombre no está disponible",
  "logAnalyticsCreateNameInstance": "Crear un área de trabajo de Azure Log Analytics",
  "logAnalyticsSkuDropDownName": "S_KU",
  "logAnalyticsSkuDropDownDescription": "El costo del área de trabajo depende del plan de tarifa y de las soluciones que use.",
  "logAnalyticsSkuDisplayPerg2018": "Pago por uso (por GB 2018)",
  "logAnalyticsNameNotMeetCriteria": "El nombre del área de trabajo debe tener entre cuatro y 63 caracteres y solo puede contener letras, números y \"-\". El elemento \"-\" no debe ser el primero ni el último carácter.",
  "logAnalyticsSelectedSkuMustBeSet": "Debe establecerse la SKU.",
  "logAnalyticsResourceNameLabel": "_Nombre",
  "logAnalyticsDisplayName": "Área de trabajo de Azure Log Analytics",
  "appConfigAzureDependencyTypeName": "Azure App Configuration",
  "appConfigAzureDisplayName": "Azure App Configuration",
  "appConfigAzureDescription": "Acceda fácilmente a las marcas de características y a la configuración de clave-valor de la aplicación que se administran de forma centralizada en Azure.",
  "appConfigCollectiveNoun": "Almacenes de App Configuration",
  "appConfigResourceNameLabel": "_Nombre del recurso",
  "appConfigCreateNameInstance": "Cree un almacén de Azure App Configuration.",
  "appConfigFreeSkuLimitReached": "La suscripción alcanzó el límite de 1 recurso de App Configuration en el nivel Gratis.",
  "appConfigNameContainsReservedWords": "El nombre no puede contener ninguna palabra reservada ni de marca comercial.",
  "appConfigNameNotAvailable": "El nombre no está disponible.",
  "appConfigNameNotMeetCriteria": "El nombre solo debe contener caracteres ASCII alfanuméricos o \"-\" y tener entre 5 y 50 caracteres.",
  "appConfigSelectedSkuMustBeSet": "Debe establecerse el plan de tarifa.",
  "appConfigSkuDropDownDescription": "Elija el plan de tarifa que coincida con los requisitos de almacenamiento y de contrato de nivel de servicio de la aplicación.",
  "appConfigSkuDropDownName": "_Plan de tarifa",
  "appConfigSkuDisplayFree": "Gratis",
  "appConfigSkuDisplayStandard": "Estándar",
  "appConfigUnableToAccess": "No se puede acceder al almacén de App Configuration \"{0}\". Compruebe que todavía existe y que se puede acceder a él.",
  "appConfigUnableToCheckNameAvailable": "No se puede comprobar la disponibilidad de nombres.",
  "appConfigUnableToCheckNameValid": "No se puede comprobar si el nombre es válido.",
  "containerAppsAzureDisplayName": "Azure Container Apps",
  "containerAppsAzureDescription": "Ejecución de microservicios y aplicaciones en contenedor escalables en una plataforma sin servidor en Azure",
  "containerAppsCollectiveNoun": "Aplicaciones contenedoras",
  "containerAppsCreateNameInstance": "Crear una aplicación Azure Container",
  "containerAppsResourceNameLabel": "Nombre de la aplicación C_ontainer",
  "containerAppsContainerNameLabel": "Nombre_del contenedor",
  "containerAppsContainerNameDescription": "Nombre del primer contenedor de la aplicación de contenedores",
  "containerAppsContainerNameNotMeetCriteria": "El nombre de contenedor debe tener entre 1 y 63 caracteres, comenzar con una letra minúscula o un número, contener letras minúsculas, números y guiones, y terminar con una letra minúscula o un número",
  "containerAppsNameContainsReservedWords": "El nombre de la aplicación del contenedor no puede contener ninguna palabra registrada o reservada.",
  "containerAppsNameNotMeetCriteria": "El nombre de la aplicación del contenedor debe tener entre 2 y 32 caracteres, comenzar con una letra minúscula, contener letras minúsculas, números y guiones, y terminar con una letra minúscula o un número",
  "containerAppsNameNotAvailable": "El nombre de la aplicación del contenedor no está disponible",
  "containerAppsUnableToCheckNameAvailable": "No se puede comprobar si el nombre de la aplicación contenedora está disponible",
  "containerAppsUnableToCheckNameValid": "No se puede comprobar si el nombre es válido",
  "containerAppsLocationMustBeSet": "Debe establecerse una ubicación.",
  "containerAppsManagedEnvironmentDisplayName": "Entorno de Azure Container Apps",
  "containerAppsManagedEnvironmentCollectiveNoun": "Entornos de Container Apps",
  "containerAppsManagedEnvironmentMustBeSet": "Se debe establecer el entorno de Container Apps",
  "containerAppsManagedEnvDropDownName": "Entorno de aplicaciones de C_ontainer",
  "containerAppsManagedEnvDropDownDescription": "Elegir un entorno para la ejecución de la aplicación en el contenedor",
  "cosmosdbAzureDependencyTypeName": "Azure Cosmos DB",
  "cosmosdbAzureDisplayName": "Azure Cosmos DB",
  "cosmosdbAzureDescription": "Use almacenes de datos coherentes, con alta escalabilidad y replicación geográfica.",
  "cosmosdbApiDropDownName": "_API",
  "cosmosdbApiDropDownDescription": "Cosmos DB es un servicio de base de datos de varios modelos. Elija la API y el modelo de datos que va a usar con esta cuenta.",
  "cosmosdbApiCoreName": "Núcleo (SQL)",
  "cosmosdbApiCassandraName": "Cassandra",
  "cosmosdbApiTableName": "Tabla de Azure",
  "cosmosdbApiGremlinName": "Gremlin (grafo)",
  "cosmosdbApiMongoName": "Azure Cosmos DB para la API de MongoDB",
  "cosmosdbCollectiveNoun": "Instancias de Cosmos DB",
  "cosmosdbResourceNameLabel": "_Nombre del recurso",
  "cosmosdbCreateNameInstance": "Crear una instancia de Azure Cosmos DB",
  "cosmosDbNameContainsReservedWords": "El nombre no puede contener ninguna palabra reservada ni de marca comercial.",
  "cosmosDbNameNotAvailable": "El nombre no está disponible",
  "cosmosDbNameNotMeetCriteria": "El nombre solo puede contener letras minúsculas, números y guiones. Además, debe tener entre 3 y 31 caracteres.",
  "cosmosDbUnableToCheckNameAvailable": "No se puede comprobar la disponibilidad de nombres.",
  "cosmosDbUnableToCheckNameValid": "No se puede comprobar si el nombre es válido.",
  "cosmosDbSelectedApiMustBeSet": "Debe establecerse la API.",
  "formatDisplayNameWithLocation": "{0} ({1})",
  "formatDisplayNameNewItemWithLocation": "*{0} ({1})",
  "indicatorColumnHeader": "",
  "managedEnvironmentDisplayName": "Entorno de Azure Container Apps",
  "managedEnvironmentDescription": "Un entorno basado en Kubernetes para la ejecución de aplicaciones en contenedores",
  "managedEnvironmentCollectiveNoun": "Entornos de la aplicación contenedora",
  "managedEnvironmentsCreateNameInstance": "Creación de un entorno de Azure Container Apps",
  "managedEnvironmentResourceNameLabel": "_Nombre del entorno",
  "managedEnvironmentNameNotMeetCriteria": "El nombre del entorno debe tener entre 2 y 60 caracteres, comenzar con una letra o un número, contener letras, números y guiones, y terminar con una letra o un número",
  "managedEnvironmentNameNotAvailable": "El nombre del entorno no está disponible",
  "managedEnvironmentUnableToCheckNameAvailable": "No se puede comprobar el nombre del entorno",
  "managedEnvironmentNameContainsReservedWords": "El nombre de entorno no puede contener ninguna palabra registrada ni reservada.",
  "managedEnvironmentUnableToCheckNameValid": "No se puede comprobar si el nombre del entorno es válido",
  "managedEnvironmentLocationMustBeSet": "Debe establecerse una ubicación.",
  "managedEnvironmentLogAnalyticsMustBeSet": "Los análisis de registros deben estar configurados",
  "managedEnvironmentCreateNewInstanceDescription": "Creación de un entorno de Azure Container Apps",
  "managedEnvironmentLogAnalyticsDropdownDescription": "Almacenar datos de análisis",
  "managedEnvironmentLogAnalyticsDropdownLabel": "Área de trabajo de Azure Log _Analytics",
  "managedEnvNoMoreThan2PerSubscription": "Una suscripción no puede contener más de 2 entornos administrados",
  "pricingTierColumnHeader": "_Nivel",
  "pricingTierDropDownDescription": "Elegir las características de precios y confiabilidad del servicio",
  "pricingTierDropDownName": "_Plan de tarifa",
  "redisAzureCollectiveNoun": "Instancias de Azure Cache for Redis",
  "redisAzureDependencyTypeName": "Azure Cache for Redis",
  "redisAzureDisplayName": "Azure Cache for Redis",
  "redisAzureDescription": "Aproveche las capacidades de baja latencia y alto rendimiento del motor de Redis para permitir que su aplicación siga respondiendo aunque aumente la carga de usuarios.",
  "redisSkuDropDownName": "_SKU",
  "redisSkuDropDownDescription": "Elija la SKU que coincida con las necesidades de tamaño de caché y de replicación de su aplicación.",
  "redisSkuDisplayBasicC0": "Basic C0 (caché de 250 MB)",
  "redisSkuDisplayBasicC1": "Basic C1 (caché de 1 GB)",
  "redisSkuDisplayBasicC2": "Basic C2 (caché de 2.5 GB)",
  "redisSkuDisplayBasicC3": "Basic C3 (caché de 6 GB)",
  "redisSkuDisplayBasicC4": "Basic C4 (caché de 13 GB)",
  "redisSkuDisplayBasicC5": "Basic C5 (caché de 26 GB)",
  "redisSkuDisplayBasicC6": "Basic C6 (caché de 53 GB)",
  "redisSkuDisplayStandardC0": "Standard C0 (caché de 250 MB, replicación)",
  "redisSkuDisplayStandardC1": "Standard C1 (caché de 1 GB, replicación)",
  "redisSkuDisplayStandardC2": "Standard C2 (caché de 2.5 GB, replicación)",
  "redisSkuDisplayStandardC3": "Standard C3 (caché de 6 GB, replicación)",
  "redisSkuDisplayStandardC4": "Standard C4 (caché de 13 GB, replicación)",
  "redisSkuDisplayStandardC5": "Standard C5 (caché de 26 GB, replicación)",
  "redisSkuDisplayStandardC6": "Standard C6 (caché de 53 GB, replicación)",
  "redisSkuDisplayPremiumP1": "Premium P1 (caché de 1 GB, replicación)",
  "redisSkuDisplayPremiumP2": "Premium P2 (caché de 2.5 GB, replicación)",
  "redisSkuDisplayPremiumP3": "Premium P3 (caché de 6 GB, replicación)",
  "redisSkuDisplayPremiumP4": "Premium P4 (caché de 13 GB, replicación)",
  "redisSkuDisplayPremiumP5": "Premium P5 (caché de 26 GB, replicación)",
  "redisResourceNameLabel": "_Nombre del recurso",
  "redisSelectedSkuMustBeSet": "Debe establecerse la SKU.",
  "redisCreateNameInstance": "Crear una instancia de Azure Cache for Redis",
  "redisNameContainsReservedWords": "El nombre no puede contener ninguna palabra reservada ni de marca comercial.",
  "redisNameNotAvailable": "El nombre no está disponible",
  "redisNameNotMeetCriteria": "Los nombres solo pueden contener letras, números y guiones. El primer y último carácter deben ser una letra o un número. No se permite el uso de guiones consecutivos.",
  "redisUnableToCheckNameAvailable": "No se puede comprobar la disponibilidad de nombres.",
  "redisUnableToCheckNameValid": "No se puede comprobar si el nombre es válido.",
  "connectionSettingName": "Connection setting _name",
  "connectionStringNameLabel": "Nombre de la _cadena de conexión",
  "connectionStringNameDescription": "Nombre por el que el código hará referencia a este recurso",
  "locationDropDownName": "_Ubicación",
  "locationDropDownDescription": "Ubicación en la que se creará el recurso.",
  "newCommandLabel": "Nuevo...",
  "organizationNameIsRequired": "Se requiere la organización",
  "organizationNameLabel": "_Organización",
  "organizationNameDescription": "Especifique el nombre de su organización para usarlo en el portal para desarrolladores y en las notificaciones por correo electrónico.",
  "resourceTypeNotSupportedError": "No se admite el tipo de recurso en esta suscripción.",
  "selectedLocationMustBeSet": "Debe establecerse una ubicación.",
  "locationColumnHeader": "_Ubicación",
  "resourceGroupColumnHeader": "_Grupo de recursos",
  "nameColumnHeader": "_Nombre",
  "skuColumnHeader": "S_KU",
  "urlSuffixLengthMustBeValid": "El sufijo de la dirección URL debe tener menos de 400 caracteres.",
  "serviceLinkerDisplayName": "Conector de servicio",
  "serviceLinkerAzureDescription": "El conector de servicio crea una conexión entre los recursos con el cálculo y otros recursos de Azure.",
  "serviceLinkerAzureCollectiveNoun": "Vínculos de conector de servicio",
  "signalrCollectiveNoun": "Instancias de SignalR",
  "signalrAzureDescription": "Habilite fácilmente las comunicaciones en tiempo real con su aplicación web.",
  "signalrAzureDisplayName": "Azure SignalR Service",
  "signalrPricingTierDropDownName": "_Plan de tarifa",
  "signalrPricingTierDropDownDescription": "Elija la SKU que coincida con las necesidades de tamaño de caché y de replicación de su aplicación.",
  "signalrPricingTierDisplayStandard": "Estándar",
  "signalrPricingTierDisplayFree": "Gratis",
  "signalrPricingTierDisplayPremium": "Premium",
  "signalrResourceNameLabel": "Nombre del _recurso",
  "signalrNameNotMeetCriteria": "El nombre debe tener un mínimo de 3 y un máximo de 63 caracteres. Además, solo se pueden usar caracteres alfanuméricos y guiones.",
  "signalrNameContainsReservedWords": "El nombre del recurso no puede contener ninguna palabra reservada ni marca comercial.",
  "signalrUnableToCheckNameAvailable": "No se puede comprobar la disponibilidad de nombres.",
  "signalrUnableToCheckNameValid": "No se puede comprobar si el nombre es válido.",
  "signalrNameNotAvailable": "El nombre ya está en uso.",
  "signalrSelectedSkuMustBeSet": "Debe establecerse la SKU.",
  "signalrCreateInstanceText": "Crear una instancia de Azure SignalR Service",
  "signalrSkuCount": "Una suscripción no puede tener más de 5 servicios SignalR del nivel Gratis",
  "azureKubernetesService": "Servicio Azure Kubernetes",
  "azureKubernetesServiceCollectiveNoun": "Servicios de Azure Kubernetes",
  "azureKubernetesServiceDescription": "Una aplicación que se ejecuta en Azure Kubernetes Service",
  "azureVirtualMachineScaleSet": "Conjunto de escalado de máquinas virtuales de Azure",
  "azureVirtualMachineScaleSetCollectiveNoun": "Azure Virtual Machine Scale Sets",
  "azureVirtualMachineScaleSetDescription": "Una aplicación que se ejecuta en Azure Virtual Machine Scale Sets",
  "azureVirtualMachineScaleSetWindows": "Azure Virtual Machine Scale Set (Windows)",
  "azureVirtualMachineScaleSetWindowsCollectiveNoun": "Azure Virtual Machine Scale Sets (Windows)",
  "azureVirtualMachineScaleSetWindowsDescription": "Una aplicación que se ejecuta en Azure Virtual Machine Scale Sets (Windows)",
  "azureClassicVirtualMachine": "Máquina virtual clásica de Azure",
  "azureClassicVirtualMachineCollectiveNoun": "Maquinas virtuales de Azure clásico",
  "azureClassicVirtualMachineDescription": "Una aplicación que se ejecuta en una máquina virtual clásica de Azure",
  "azureClassicVirtualMachineWindows": "Máquina virtual clásica de Azure (Windows)",
  "azureClassicVirtualMachineWindowsCollectiveNoun": "Máquinas virtuales clásicas de Azure (Windows)",
  "azureClassicVirtualMachineWindowsDescription": "Una aplicación que se ejecuta en la máquina virtual clásica de Azure (Windows)",
  "springCloudAppDescription": "Aplicación que se ejecuta en Azure Spring Cloud.",
  "springCloudAppDisplayName": "Aplicación de Azure Spring Cloud",
  "springCloudAppsFolderName": "Aplicaciones",
  "springCloudAppCollectiveNoun": "Aplicaciones de Azure Spring Cloud",
  "springCloudAppCreateNameInstance": "Crear una aplicación de Azure Spring Cloud",
  "springCloudAppResourceNameLabel": "_Nombre de la aplicación",
  "springCloudAppNameContainsReservedWords": "El nombre de la aplicación no puede contener ninguna palabra reservada ni de marca comercial.",
  "springCloudAppNameNotMeetCriteria": "El nombre solo puede contener letras minúsculas, números y guiones. El primer carácter debe ser una letra y el último debe ser una letra o un número. El valor debe tener entre 4 y 32 caracteres.",
  "springCloudAppNameNotAvailable": "El nombre ya está en uso.",
  "springCloudAppUnableToCheckNameAvailable": "No se puede comprobar la disponibilidad de nombres.",
  "springCloudAppUnableToCheckNameValid": "No se puede comprobar si el nombre es válido.",
  "springCloudDeploymentCollectiveNoun": "Implementaciones de Azure Spring Cloud",
  "springCloudDeploymentDescription": "Las aplicaciones de Azure Spring Cloud pueden hospedar varias implementaciones para las pruebas de servicio azul/verde.",
  "springCloudDeploymentDisplayName": "Implementación de Azure Spring Cloud",
  "springCloudServiceCollectiveNoun": "Servicios Azure Spring Cloud",
  "springCloudServiceCreateNameInstance": "Crear una instancia de Azure Spring Cloud",
  "springCloudServiceDescription": "Azure Spring Cloud es una plataforma de microservicios sin servidor que permite compilar, implementar, escalar y supervisar las aplicaciones en la nube. Use Spring Cloud para incorporar patrones de microservicios modernos en las aplicaciones de Spring Boot y eliminar el código reutilizable para compilar aplicaciones .NET sólidas de forma rápida.",
  "springCloudServiceDisplayName": "Azure Spring Cloud",
  "springCloudServiceLogAnalyticsMustBeSet": "Debe establecerse el área de trabajo de Log Analytics.",
  "springCloudServiceResourceNameLabel": "_Nombre del servicio",
  "springCloudServiceNameNotMeetCriteria": "El nombre solo puede contener letras minúsculas, números y guiones. El primer carácter debe ser una letra y el último debe ser una letra o un número. El valor debe tener entre 4 y 32 caracteres.",
  "springCloudServiceNameNotAvailable": "El nombre ya está en uso.",
  "springCloudServiceUnableToCheckNameAvailable": "No se puede comprobar la disponibilidad de nombres.",
  "springCloudServicesDropdownLabel": "A_zure Spring Cloud",
  "springCloudServicesDropdownDescription": "Seleccione una instancia de Azure Spring Cloud en la que se ejecutará esta aplicación.",
  "springCloudServiceSkuBasic": "Básico",
  "springCloudServiceSkuStandard": "Estándar",
  "springCloudServiceLocationMustBeSet": "Debe establecerse una ubicación.",
  "springCloudServiceNoAppInsights": "No hay ninguna instancia de App Insights",
  "springCloudServiceNoLogAnalytics": "Sin Log Analytics",
  "springCloudServiceAppInsightsMustBeSet": "Debe establecerse App Insights",
  "springCloudServicePricingTierMustBeSet": "Debe establecerse el plan de tarifa.",
  "springCloudServicePricingTiersLabel": "_Plan de tarifa",
  "springCloudServicePricingTiersDescription": "El plan de tarifa determina el recurso y el costo asociado a la instancia.",
  "springCloudServiceMustBeSet": "Debe establecerse Azure Spring Cloud.",
  "springCloudServiceNameContainsReservedWords": "El nombre del servicio no puede contener ninguna palabra reservada ni de marca comercial.",
  "springCloudServiceUnableToCheckNameValid": "No se puede comprobar si el nombre es válido."
}