{
  "resourceTypeForTelemetry": "AppConfiguration",
  "displayName": { "$ref": "strings:#/appConfigAzureDisplayName" },
  "description": { "$ref": "strings:#/appConfigAzureDescription" },
  "collectiveNoun": { "$ref": "strings:#/appConfigCollectiveNoun" },
  "icon": {
    "$ref": "images:#/azureAppConfig"
  },
  "entityApiVersion": "2022-05-01",
  "entityDataMapDefinition": {
    "name": "appConfigresponseProcessor",
    "atomizers": [
      { "$ref": "/shared/datamap.json#/atomizers/idRepeaterTopLevelResource" },
      { "$ref": "/shared/datamap.json#/atomizers/type" },
      { "$ref": "/shared/datamap.json#/atomizers/location" },
      { "$ref": "/shared/datamap.json#/atomizers/name" },
      { "$ref": "/shared/datamap.json#/atomizers/tags" },
      {
        "name": "SKUNAME",
        "kind": "Identity",
        "config": {
          "outwardFacingField": "/sku/name",
          "inwardFacingFields": [ "skuName" ]
        }
      },
      {
        "name": "ENDPOINT",
        "kind": "Identity",
        "config": {
          "outwardFacingField": "/properties/endpoint",
          "inwardFacingFields": [ "endpoint" ]
        }
      }
    ],
    "transforms": [
      { "$ref": "/shared/datamap.json#/transforms/id" },
      { "$ref": "/shared/datamap.json#/transforms/resourceGroup" },
      { "$ref": "/shared/datamap.json#/transforms/type" },
      { "$ref": "/shared/datamap.json#/transforms/location" },
      { "$ref": "/shared/datamap.json#/transforms/name" },
      { "$ref": "/shared/datamap.json#/transforms/tags" },
      {
        "name": "skuName",
        "kind": "Identity",
        "config": {
          "transformedField": "skuName"
        }
      },
      {
        "name": "endpoint",
        "kind": "Identity",
        "config": {
          "transformedField": "endpoint"
        }
      }
    ],
    "deatomizers": [
      { "$ref": "/shared/datamap.json#/atomizers/id" },
      { "$ref": "/shared/datamap.json#/atomizers/resourceGroup" },
      { "$ref": "/shared/datamap.json#/atomizers/type" },
      { "$ref": "/shared/datamap.json#/atomizers/location" },
      { "$ref": "/shared/datamap.json#/atomizers/name" },
      { "$ref": "/shared/datamap.json#/atomizers/tags" },
      {
        "name": "SKUNAME",
        "kind": "Identity",
        "config": {
          "outwardFacingField": "/skuName",
          "inwardFacingFields": [ "skuName" ]
        }
      },
      {
        "name": "ENDPOINT",
        "kind": "Identity",
        "config": {
          "outwardFacingField": "/endpoint",
          "inwardFacingFields": [ "endpoint" ]
        }
      }
    ]
  },
  "apiVersion": "2022-05-01",
  "viewDefinitions": [
    {
      "name": "appConfigConfigInstance",
      "kind": "VerticalContainer",
      "config": {
        "controls": {
          "secretName": {
            "kind": "ConnectionString",
            "config": {
              "binding": "SecretName",
              "optionsBinding": "ConnectionStringOptions",
              "label": { "$ref": "strings:#/connectionSettingName" },
              "description": { "$ref": "strings:#/connectionStringNameDescription" },
              "isLoadingBinding": "AreConnectionStringOptionsLoading",
              "isReadOnlyBinding": "IsConfiguringSpecificSecretName"
            }
          }
        }
      }
    },
    {
      "name": "appConfigProvisionInstance",
      "kind": "VerticalContainer",
      "config": {
        "controls": {
          "Locations": {
            "kind": "ComboBox",
            "config": {
              "binding": "SelectedLocation",
              "itemsBinding": "AvailableLocations",
              "isLoadingBinding": "IsLoadingLocations",
              "label": { "$ref": "strings:#/locationDropDownName" },
              "description": { "$ref": "strings:#/locationDropDownDescription" },
              "isRequired": true,
              "displayPath": "DisplayName"
            }
          },
          "Skus": {
            "kind": "ComboBox",
            "config": {
              "binding": "SelectedSku",
              "itemsBinding": "AvailableSkus",
              "label": { "$ref": "strings:#/appConfigSkuDropDownName" },
              "description": { "$ref": "strings:#/appConfigSkuDropDownDescription" },
              "isRequired": true,
              "displayPath": "displayName"
            }
          }
        }
      }
    }
  ],
  "modelDefinitions": [
    {
      "name": "appConfigConfiguredInstance",
      "properties": { "$ref": "/shared/configure.json#/configureCommonProperties" },
      "dataSources": { "$ref": "/shared/configure.json#/configureCommonDataSources" }
    },
    {
      "name": "existingAppConfig",
      "properties": {
        "skuName": {
          "kind": "Builtin",
          "dataType": "string"
        }
      }
    },
    {
      "name": "appConfigProvisionInstance",
      "properties": {
        "commonProperties": { "$refmerge": "/shared/provision.json#/provisionCommonProperties" },
        "SelectedLocation": {
          "kind": "Custom",
          "modelType": "azure_location"
        },
        "AvailableLocations": {
          "kind": "List",
          "modelType": "azure_location"
        },
        "AvailableSkus": {
          "kind": "List",
          "modelType": "appConfigSku"
        },
        "SelectedSku": {
          "kind": "Custom",
          "modelType": "appConfigSku"
        },
        "SelectedSkuName": {
          "kind": "Builtin",
          "dataType": "string"
        },
        "SelectedSkuLimit": {
          "kind": "Builtin",
          "dataType": "int"
        },
        "ExistingAppConfigs": {
          "kind": "List",
          "modelType": "existingAppConfig"
        },
        "IsLoadingLocations": {
          "kind": "Builtin",
          "dataType": "bool"
        },
        "IsLoadingAppConfigs": {
          "kind": "Builtin",
          "dataType": "bool"
        },
        "contextProperties": { "$refmerge": "/shared/provision.json#/provisionContextProperties" }
      },
      "dataSources": {
        "resourceNameGenerator": {
          "kind": "ResourceNameGenerator",
          "outboundProperties": [ "ResourceName" ],
          "inboundProperties": [ "ResourceName", "LaunchParameters" ],
          "config": {
            "namingRules": { "$refmerge": "#/resourceNamingRules" },
            "nameWhenEmpty": "",
            "seedKeyName": "",
            "suffix": ""
          }
        },
        "allowedLocations": {
          "kind": "Location",
          "inboundProperties": [ "SelectedSubscription" ],
          "outboundProperties": [ "AvailableLocations" ],
          "loadingStatusProperty": "IsLoadingLocations",
          "config": {
            "types": [ "Microsoft.AppConfiguration/configurationStores" ]
          }
        },
        "promoteLocation": {
          "kind": "PromoteProperty",
          "inboundProperties": [ "SelectedLocation" ],
          "outboundProperties": [ "Location" ],
          "config": {
            "subProperty": "DisplayName"
          }
        },
        "maintainSelectedLocation": {
          "kind": "PreserveOrSelectPreferredLocation",
          "inboundProperties": [ "AvailableLocations", "SelectedLocation", "LaunchParameters" ],
          "outboundProperties": [ "SelectedLocation" ],
          "config": {
            "preferredLocationKey": "PreferredLocation"
          }
        },
        "promoteSelectedSkuName": {
          "kind": "PromoteProperty",
          "inboundProperties": [ "SelectedSku" ],
          "outboundProperties": [ "SelectedSkuName" ],
          "config": {
            "subProperty": "name"
          }
        },
        "promoteSelectedSkuLimit": {
          "kind": "PromoteProperty",
          "inboundProperties": [ "SelectedSku" ],
          "outboundProperties": [ "SelectedSkuLimit" ],
          "config": {
            "subProperty": "limit"
          }
        },
        "existingAppConfigs": {
          "base": { "$refmerge": "/resourceTypes/appConfig/select.json#/dataRetrieverDefinition" },
          "inboundProperties": [ "SelectedSubscription" ],
          "outboundProperties": [ "ExistingAppConfigs" ],
          "loadingStatusProperty": "IsLoadingAppConfigs"
        },
        "selectFirstApi": {
          "kind": "PreserveOrSelectFirst",
          "inboundProperties": [ "AvailableSkus", "SelectedSku" ],
          "outboundProperties": [ "SelectedSku" ],
          "config": {
          }
        },
        "skuChoices": {
          "kind": "Literal",
          "inboundProperties": [],
          "outboundProperties": [ "AvailableSkus" ],
          "config": {
            "literal": [
              {
                "name": "standard",
                "displayName": { "$ref": "strings:#/appConfigSkuDisplayStandard" },
                "limit": -1
              },
              {
                "name": "free",
                "displayName": { "$ref": "strings:#/appConfigSkuDisplayFree" },
                "limit": 0
              }
            ]
          }
        }
      }
    },
    {
      "name": "azure_location",
      "properties": {
        "DisplayName": {
          "kind": "Builtin",
          "dataType": "string"
        },
        "InternalName": {
          "kind": "Builtin",
          "dataType": "string"
        }
      }
    },
    {
      "name": "appConfigSku",
      "properties": {
        "name": {
          "kind": "Builtin",
          "dataType": "string"
        },
        "displayName": {
          "kind": "Builtin",
          "dataType": "string"
        },
        "limit": {
          "kind": "Builtin",
          "dataType": "int"
        }
      }
    },
    {
      "name": "appConfigCapabilities",
      "properties": {
        "name": {
          "kind": "Builtin",
          "dataType": "string"
        }
      }
    }
  ],
  "resourceNamingRules": {
    "minLength": 5,
    "maxLength": 50,
    "allowedFirstChars": "a-zA-Z0-9",
    "allowedInteriorChars": "a-zA-Z0-9-",
    "allowedFinalChars": "a-zA-Z0-9",
    "bannedSequences": [ "--" ]
  }
}
