{
  "apiAdministratorEmailDescription": "设置电子邮件地址以接收从 API 管理发送的所有系统通知。",
  "apiAdministratorEmailLabel": "管理员电子邮件(_A)",
  "apiManagementAzureDisplayName": "Azure API 管理服务",
  "apiManagementAzureDescription": "将 API 发布到 API 管理供 Azure 逻辑应用和 Power Apps 消耗",
  "apiManagementApiAzureDescription": "将 API 发布到 API 管理供 Azure 逻辑应用和 Power Apps 消耗",
  "apiManagementApiAzureDisplayName": "API 管理中的 API",
  "apiManagementApiNameNotAvailable": "名称不可用",
  "apiManagementApiResourceNameLabel": "API 名称(_A)",
  "apiManagementApiUnableToCheckNameAvailable": "无法检查名称可用性",
  "apimangementApiCreateNameInstance": "创建 API 管理 API",
  "apimapiNameNotMeetCriteria": "API 名称必须以字母数字字符开头和结尾，并且只能包含字母数字字符和连字符。",
  "apiURLSuffixDescription": "API 服务名称所在域的路径",
  "apiURLSuffixLabel": "API URL 后缀(_U)",
  "apiSelectedServiceMustBeSet": "必须选择一个服务",
  "apiManagementApisFolderName": "API",
  "apiURLSuffixMustBeUniqueInService": "URL 后缀在单个服务实例中必须是唯一的",
  "apiServicesDropdownLabel": "API 管理服务(_M)",
  "apiServicesDropdownDescription": "可承载此 API 的 API 管理服务的列表",
  "apiManagementDisplayBasic": "基本(99.9% SLA)",
  "apiManagementDisplayConsumption": "消耗(99.9% SLA)",
  "apiManagementDisplayDeveloper": "开发人员(无 SLA)",
  "apiManagementDisplayPremium": "高级(99.99% SLA)",
  "apiManagementDisplayStandard": "标准(99.9% SLA)",
  "apimangementCreateNameInstance": "创建新的 API 管理服务",
  "apiManagementUnableToCheckName": "无法检查名称",
  "apiManagementResourceNameLabel": "名称(_N)",
  "apiManagementNameNotAvailable": "名称已被使用",
  "apiManagementNameNotMeetCriteria": "名称需要介于 1 到 50 个字符之间，以字母开头，并且只能包含字母和数字",
  "apiManagementAzureCollectiveNoun": "API 管理实例",
  "apiManagementApiAzureCollectiveNoun": "API 管理 API",
  "appInsightsAzureDescription": "监视 Web 应用性能和使用情况(与 Azure 中运行的实例建立连接)",
  "appInsightsCollectiveNoun": "Application Insights 实例",
  "appInsightsCreateNameInstance": "创建 Application Insights 组件",
  "appInsightsDisplayName": "Application Insights",
  "appInsightsLogAnalyticsDropdownDescription": "存储分析数据",
  "appInsightsLogAnalyticsDropdownLabel": "Azure Log Analytics 工作区(_A)",
  "appInsightsLogAnalyticsMustBeSet": "必须设置 Log Analytics 工作区",
  "appInsightsNameContainsReservedWords": "资源名称不能包含任何商标字或保留字。",
  "appInsightsNameNotAvailable": "名称已被使用",
  "appInsightsNameNotMeetCriteria": "名称长度必须介于 1 到 256 个字符。此外，只能使用字母数字字符和连字符。",
  "appInsightsResourceNameLabel": "名称(_N)",
  "appInsightsToLogAnalyticsLocationMismatchWarning": "在 {0} 而不是 Log Analytics 工作区所在的 {1} 中托管 Application Insights 可能影响性能、成本和合规性",
  "appInsightsUnableToCheckNameAvailable": "无法检查名称可用性",
  "appInsightsUnableToCheckNameValid": "无法检查名称是否有效",
  "springCloudServiceAppInsightsDropdownDescription": "存储跟踪数据",
  "springCloudServiceAppInsightsDropdownLabel": "Azure 应用见解(_P)",
  "springCloudServiceLogAnalyticsDropdownDescription": "存储分析数据",
  "springCloudServiceLogAnalyticsDropdownLabel": "Azure Log Analytics 工作区(_A)",
  "logAnalyticsAzureDescription": "轻松地存储、保留和查询在 Azure 中从受监视的资源收集的数据",
  "logAnalyticsUnableToCheckNameAvailable": "无法检查名称可用性",
  "logAnalyticsAzureCollectiveNoun": "Azure Log Analytics 工作区",
  "logAnalyticsNameNotAvailable": "名称不可用",
  "logAnalyticsCreateNameInstance": "创建 Azure Log Analytics 工作区",
  "logAnalyticsSkuDropDownName": "SKU (_K)",
  "logAnalyticsSkuDropDownDescription": "工作区的成本取决于定价层和所用解决方案。",
  "logAnalyticsSkuDisplayPerg2018": "即用即付(每 GB 2018)",
  "logAnalyticsNameNotMeetCriteria": "工作区名称必须介于 4 到 63 个字符之间，并且名称只能包含字母、数字和“-”。“-”不应是第一个或最后一个字符。",
  "logAnalyticsSelectedSkuMustBeSet": "必须设置 SKU",
  "logAnalyticsResourceNameLabel": "名称(_N)",
  "logAnalyticsDisplayName": "Azure Log Analytics 工作区",
  "appConfigAzureDependencyTypeName": "Azure 应用程序配置",
  "appConfigAzureDisplayName": "Azure 应用程序配置",
  "appConfigAzureDescription": "轻松访问在 Azure 中集中管理的应用程序键值设置和功能标志。",
  "appConfigCollectiveNoun": "应用程序配置商店",
  "appConfigResourceNameLabel": "资源名称(_R)",
  "appConfigCreateNameInstance": "创建 Azure 应用程序配置商店。",
  "appConfigFreeSkuLimitReached": "此订阅已达到免费层中 1 个应用配置资源的限制。",
  "appConfigNameContainsReservedWords": "名称不能包含任何商标字或保留字。",
  "appConfigNameNotAvailable": "名称不可用。",
  "appConfigNameNotMeetCriteria": "名称只能包含字母数字 ASCII 字符或 \"-\"，并且必须介于 5 到 50 个字符之间。",
  "appConfigSelectedSkuMustBeSet": "必须设置定价层。",
  "appConfigSkuDropDownDescription": "选择定价层以匹配应用的存储和 SLA 要求。",
  "appConfigSkuDropDownName": "定价层(_P)",
  "appConfigSkuDisplayFree": "免费",
  "appConfigSkuDisplayStandard": "标准",
  "appConfigUnableToAccess": "无法访问 Azure 应用程序配置商店“{0}”。验证它是否仍存在且可访问。",
  "appConfigUnableToCheckNameAvailable": "无法检查名称可用性。",
  "appConfigUnableToCheckNameValid": "无法检查名称是否有效。",
  "containerAppsAzureDisplayName": "Azure 容器应用",
  "containerAppsAzureDescription": "在 Azure 的无服务器平台上运行可缩放的容器化应用程序和微服务",
  "containerAppsCollectiveNoun": "容器应用",
  "containerAppsCreateNameInstance": "创建 Azure 容器应用",
  "containerAppsResourceNameLabel": "容器应用名称(_O)",
  "containerAppsContainerNameLabel": "容器 _名称",
  "containerAppsContainerNameDescription": "容器应用中第一个容器的名称",
  "containerAppsContainerNameNotMeetCriteria": "容器名必须介于 1 到 63 个字符之间、以小写字母或数字开头、包含小写字母、数字和短划线，并以小写字母或数字结尾",
  "containerAppsNameContainsReservedWords": "容器应用名称不能包含任何商标字或保留字。",
  "containerAppsNameNotMeetCriteria": "容器应用名称必须介于 2 到 32 个字符之间，以小写字母或数字开头，包含小写字母、数字和短划线，以小写字母或数字结尾",
  "containerAppsNameNotAvailable": "容器应用名称不可用",
  "containerAppsUnableToCheckNameAvailable": "无法检查容器应用名称是否可用",
  "containerAppsUnableToCheckNameValid": "无法检查名称是否有效",
  "containerAppsLocationMustBeSet": "必须设置位置",
  "containerAppsManagedEnvironmentDisplayName": "Azure 容器应用环境",
  "containerAppsManagedEnvironmentCollectiveNoun": "容器应用环境",
  "containerAppsManagedEnvironmentMustBeSet": "必须设置容器应用环境",
  "containerAppsManagedEnvDropDownName": "容器应用环境(_O)",
  "containerAppsManagedEnvDropDownDescription": "选择要在其中运行容器应用的环境",
  "cosmosdbAzureDependencyTypeName": "Azure Cosmos DB",
  "cosmosdbAzureDisplayName": "Azure Cosmos DB",
  "cosmosdbAzureDescription": "使用高度可缩放、一致且异地复制的数据存储。",
  "cosmosdbApiDropDownName": "API(_A)",
  "cosmosdbApiDropDownDescription": "Cosmos DB 是一项多模型数据库服务。请选择要用于此帐户的 API 和数据模型",
  "cosmosdbApiCoreName": "核心(SQL)",
  "cosmosdbApiCassandraName": "Cassandra",
  "cosmosdbApiTableName": "Azure 表",
  "cosmosdbApiGremlinName": "Gremlin (图形)",
  "cosmosdbApiMongoName": "适用于 MongoDB API 的 Azure Cosmos DB",
  "cosmosdbCollectiveNoun": "Cosmos DB 实例",
  "cosmosdbResourceNameLabel": "资源名称(_R)",
  "cosmosdbCreateNameInstance": "创建 Azure Cosmos DB",
  "cosmosDbNameContainsReservedWords": "名称不能包含任何商标字或保留字。",
  "cosmosDbNameNotAvailable": "名称不可用",
  "cosmosDbNameNotMeetCriteria": "名称只能包含小写字母、数字和连字符，并且必须介于 3 到 31 个字符之间。",
  "cosmosDbUnableToCheckNameAvailable": "无法检查名称可用性",
  "cosmosDbUnableToCheckNameValid": "无法检查名称是否有效",
  "cosmosDbSelectedApiMustBeSet": "必须设置 API",
  "formatDisplayNameWithLocation": "{0} ({1})",
  "formatDisplayNameNewItemWithLocation": "*{0} ({1})",
  "indicatorColumnHeader": "",
  "managedEnvironmentDisplayName": "Azure 容器应用环境",
  "managedEnvironmentDescription": "用于运行容器应用的基于 Kubernetes 的环境",
  "managedEnvironmentCollectiveNoun": "容器应用环境",
  "managedEnvironmentsCreateNameInstance": "创建 Azure 容器应用环境",
  "managedEnvironmentResourceNameLabel": "_环境名称",
  "managedEnvironmentNameNotMeetCriteria": "环境名称的长度必须介于 2 到 60 个字符之间，以字母或数字开头，包含字母、数字和短划线，以字母或数字结尾",
  "managedEnvironmentNameNotAvailable": "环境名称不可用",
  "managedEnvironmentUnableToCheckNameAvailable": "无法检查环境名称",
  "managedEnvironmentNameContainsReservedWords": "环境名称不能包含任何商标字或保留字。",
  "managedEnvironmentUnableToCheckNameValid": "无法检查环境名称是否有效",
  "managedEnvironmentLocationMustBeSet": "必须设置位置",
  "managedEnvironmentLogAnalyticsMustBeSet": "必须设置日志分析",
  "managedEnvironmentCreateNewInstanceDescription": "创建 Azure 容器应用环境",
  "managedEnvironmentLogAnalyticsDropdownDescription": "存储分析数据",
  "managedEnvironmentLogAnalyticsDropdownLabel": "Azure Log Analytics 工作区(_A)",
  "managedEnvNoMoreThan2PerSubscription": "订阅不能包含超过 2 个托管环境",
  "pricingTierColumnHeader": "服务层级(_T)",
  "pricingTierDropDownDescription": "选择服务的定价和可靠性特征",
  "pricingTierDropDownName": "定价层(_T)",
  "redisAzureCollectiveNoun": "用于 Redis 的 Azure 缓存",
  "redisAzureDependencyTypeName": "Azure Cache for Redis",
  "redisAzureDisplayName": "Azure Cache for Redis",
  "redisAzureDescription": "借助 Redis 引擎的低延迟和高吞吐量功能，让应用程序在用户负载增加时也能快速响应。",
  "redisSkuDropDownName": "_SKU",
  "redisSkuDropDownDescription": "选择 SKU 以匹配应用的缓存大小和复制需求",
  "redisSkuDisplayBasicC0": "基本 C0 (250 MB 缓存)",
  "redisSkuDisplayBasicC1": "基本 C1 (1 GB 缓存)",
  "redisSkuDisplayBasicC2": "基本 C2 (2.5 GB 缓存)",
  "redisSkuDisplayBasicC3": "基本 C3 (6 GB 缓存)",
  "redisSkuDisplayBasicC4": "基本 C4 (13 GB 缓存)",
  "redisSkuDisplayBasicC5": "基本 C5 (26 GB 缓存)",
  "redisSkuDisplayBasicC6": "基本 C6 (53 GB 缓存)",
  "redisSkuDisplayStandardC0": "标准 C0 (250 MB 缓存、复制)",
  "redisSkuDisplayStandardC1": "标准 C1 (1 GB 缓存、复制)",
  "redisSkuDisplayStandardC2": "标准 C2 (2.5 GB 缓存、复制)",
  "redisSkuDisplayStandardC3": "标准 C3 (6 GB 缓存、复制)",
  "redisSkuDisplayStandardC4": "标准 C4 (13 GB 缓存、复制)",
  "redisSkuDisplayStandardC5": "标准 C5 (26 GB 缓存、复制)",
  "redisSkuDisplayStandardC6": "标准 C6 (53 GB 缓存、复制)",
  "redisSkuDisplayPremiumP1": "高级 P1 (1 GB 缓存、复制)",
  "redisSkuDisplayPremiumP2": "高级 P2 (2.5 GB 缓存、复制)",
  "redisSkuDisplayPremiumP3": "高级 P3 (6 GB 缓存、复制)",
  "redisSkuDisplayPremiumP4": "高级 P4 (13 GB 缓存、复制)",
  "redisSkuDisplayPremiumP5": "高级 P5 (26 GB 缓存、复制)",
  "redisResourceNameLabel": "资源名称(_R)",
  "redisSelectedSkuMustBeSet": "必须设置 SKU",
  "redisCreateNameInstance": "创建用于 Redis 的 Azure 缓存",
  "redisNameContainsReservedWords": "名称不能包含任何商标字或保留字。",
  "redisNameNotAvailable": "名称不可用",
  "redisNameNotMeetCriteria": "名称只能包含字母、数字和连字符。第一个和最后一个字符必须是字母或数字。不允许使用连续的连字符。",
  "redisUnableToCheckNameAvailable": "无法检查名称可用性",
  "redisUnableToCheckNameValid": "无法检查名称是否有效",
  "connectionSettingName": "Connection setting _name",
  "connectionStringNameLabel": "连接字符串名称(_S)",
  "connectionStringNameDescription": "代码将引用此资源时所使用的名称",
  "locationDropDownName": "位置(_L)",
  "locationDropDownDescription": "要在其中创建资源的位置",
  "newCommandLabel": "新建...",
  "organizationNameIsRequired": "组织是必需的",
  "organizationNameLabel": "组织(_O)",
  "organizationNameDescription": "指定要在开发人员门户和电子邮件通知中使用的组织名称。",
  "resourceTypeNotSupportedError": "此订阅不支持此资源类型",
  "selectedLocationMustBeSet": "必须设置位置",
  "locationColumnHeader": "位置(_L)",
  "resourceGroupColumnHeader": "资源组(_G)",
  "nameColumnHeader": "名称(_N)",
  "skuColumnHeader": "SKU (_K)",
  "urlSuffixLengthMustBeValid": "URL 后缀必须少于 400 个字符",
  "serviceLinkerDisplayName": "服务连接器",
  "serviceLinkerAzureDescription": "服务连接器使用计算和其他 Azure 资源在资源之间创建连接",
  "serviceLinkerAzureCollectiveNoun": "服务连接器链接",
  "signalrCollectiveNoun": "SignalR 实例",
  "signalrAzureDescription": "轻松为 Web 应用程序启用实时通信。",
  "signalrAzureDisplayName": "Azure SignalR 服务",
  "signalrPricingTierDropDownName": "定价层(_P)",
  "signalrPricingTierDropDownDescription": "选择 SKU 以匹配应用的缓存大小和复制需求",
  "signalrPricingTierDisplayStandard": "标准",
  "signalrPricingTierDisplayFree": "免费",
  "signalrPricingTierDisplayPremium": "高级",
  "signalrResourceNameLabel": "资源名称(_N)",
  "signalrNameNotMeetCriteria": "名称长度必须介于 3 到 63 个字符。此外，只能使用字母数字字符和连字符。",
  "signalrNameContainsReservedWords": "服务名称不能包含任何商标字或保留字。",
  "signalrUnableToCheckNameAvailable": "无法检查名称可用性",
  "signalrUnableToCheckNameValid": "无法检查名称是否有效",
  "signalrNameNotAvailable": "名称已被使用",
  "signalrSelectedSkuMustBeSet": "必须设置 SKU",
  "signalrCreateInstanceText": "创建 Azure SignalR 服务实例",
  "signalrSkuCount": "订阅不能具有超过 5 个免费层的 SignaIR 服务",
  "azureKubernetesService": "Azure Kubernetes 服务",
  "azureKubernetesServiceCollectiveNoun": "Azure Kubernetes 服务",
  "azureKubernetesServiceDescription": "在 Azure Kubernetes 服务中运行的应用程序",
  "azureVirtualMachineScaleSet": "Azure 虚拟机规模集",
  "azureVirtualMachineScaleSetCollectiveNoun": "Azure 虚拟机规模集",
  "azureVirtualMachineScaleSetDescription": "在 Azure 虚拟机规模集中运行的应用程序",
  "azureVirtualMachineScaleSetWindows": "Azure 虚拟机规模集(Windows)",
  "azureVirtualMachineScaleSetWindowsCollectiveNoun": "Azure 虚拟机规模集(Windows)",
  "azureVirtualMachineScaleSetWindowsDescription": "在 Azure 虚拟机规模集(Windows)中运行的应用程序",
  "azureClassicVirtualMachine": "Azure 经典虚拟机",
  "azureClassicVirtualMachineCollectiveNoun": "Azure 经典虚拟机",
  "azureClassicVirtualMachineDescription": "在 Azure 经典虚拟机中运行的应用程序",
  "azureClassicVirtualMachineWindows": "Azure 经典虚拟机(Windows)",
  "azureClassicVirtualMachineWindowsCollectiveNoun": "Azure 经典虚拟机(Windows)",
  "azureClassicVirtualMachineWindowsDescription": "在 Azure 经典虚拟机(Windows)中运行的应用程序",
  "springCloudAppDescription": "在 Azure Spring Cloud 中运行的应用程序。",
  "springCloudAppDisplayName": "Azure Spring Cloud 应用",
  "springCloudAppsFolderName": "应用",
  "springCloudAppCollectiveNoun": "Azure Spring Cloud 应用",
  "springCloudAppCreateNameInstance": "创建 Azure Spring Cloud 应用",
  "springCloudAppResourceNameLabel": "应用名称(_N)",
  "springCloudAppNameContainsReservedWords": "应用名称不能包含任何商标字或保留字。",
  "springCloudAppNameNotMeetCriteria": "该名称只能包含小写字母、数字和连字符。第一个字符必须是字母。最后一个字符必须是字母或数字。值的长度必须介于 4 到 32 个字符之间。",
  "springCloudAppNameNotAvailable": "名称已被使用",
  "springCloudAppUnableToCheckNameAvailable": "无法检查名称可用性",
  "springCloudAppUnableToCheckNameValid": "无法检查名称是否有效",
  "springCloudDeploymentCollectiveNoun": "Azure Spring Cloud 部署",
  "springCloudDeploymentDescription": "Azure Spring Cloud 应用可托管多个部署以进行蓝色/绿色服务测试",
  "springCloudDeploymentDisplayName": "Azure Spring Cloud 部署",
  "springCloudServiceCollectiveNoun": "Azure Spring Cloud 服务",
  "springCloudServiceCreateNameInstance": "创建 Azure Spring Cloud",
  "springCloudServiceDescription": "Azure Spring Cloud 是一个无服务器微服务平台，可用于在云中构建、部署、缩放和监视应用程序。可使用 Spring Cloud 将新式微服务模式引入 Spring Boot 应用，从而消除样本代码，快速构建可靠的 .NET 应用。",
  "springCloudServiceDisplayName": "Azure Spring Cloud",
  "springCloudServiceLogAnalyticsMustBeSet": "必须设置 Log Analytics 工作区",
  "springCloudServiceResourceNameLabel": "服务名称(_N)",
  "springCloudServiceNameNotMeetCriteria": "该名称只能包含小写字母、数字和连字符。第一个字符必须是字母。最后一个字符必须是字母或数字。值的长度必须介于 4 到 32 个字符之间。",
  "springCloudServiceNameNotAvailable": "名称已被使用",
  "springCloudServiceUnableToCheckNameAvailable": "无法检查名称可用性",
  "springCloudServicesDropdownLabel": "Azure Spring Cloud(_P)",
  "springCloudServicesDropdownDescription": "选择将在其中运行此应用程序的 Azure Spring Cloud。",
  "springCloudServiceSkuBasic": "基本",
  "springCloudServiceSkuStandard": "标准",
  "springCloudServiceLocationMustBeSet": "必须设置位置",
  "springCloudServiceNoAppInsights": "没有应用见解",
  "springCloudServiceNoLogAnalytics": "没有 Log Analytics",
  "springCloudServiceAppInsightsMustBeSet": "必须设置应用见解",
  "springCloudServicePricingTierMustBeSet": "必须设置定价层",
  "springCloudServicePricingTiersLabel": "定价层(_P)",
  "springCloudServicePricingTiersDescription": "定价层确定了与实例关联的资源和成本。",
  "springCloudServiceMustBeSet": "必须设置 Azure Spring Cloud",
  "springCloudServiceNameContainsReservedWords": "服务名称不能包含任何商标字或保留字。",
  "springCloudServiceUnableToCheckNameValid": "无法检查名称是否有效"
}