{
  "apiAdministratorEmailDescription": "設定電子郵件地址，用來接收 API 管理傳送的所有系統通知。",
  "apiAdministratorEmailLabel": "系統管理員電子郵件(_A)",
  "apiManagementAzureDisplayName": "Azure API 管理服務",
  "apiManagementAzureDescription": "將 API 發佈到 API 管理以供 Azure Logic Apps 與 Power Apps 取用",
  "apiManagementApiAzureDescription": "將 API 發佈到 API 管理以供 Azure Logic Apps 與 Power Apps 取用",
  "apiManagementApiAzureDisplayName": "API 管理中的 API",
  "apiManagementApiNameNotAvailable": "無法使用名稱",
  "apiManagementApiResourceNameLabel": "API 名稱(_A)",
  "apiManagementApiUnableToCheckNameAvailable": "無法檢查名稱可用性",
  "apimangementApiCreateNameInstance": "建立 API 管理 API",
  "apimapiNameNotMeetCriteria": "API 名稱必須以英數字元開頭及結尾，而且只可包含英數字元與連字號。",
  "apiURLSuffixDescription": "API 服務名稱的網域路徑",
  "apiURLSuffixLabel": "API URL 尾碼(_U)",
  "apiSelectedServiceMustBeSet": "必須選取服務",
  "apiManagementApisFolderName": "API",
  "apiURLSuffixMustBeUniqueInService": "URL 尾碼在單一服務執行個體內必須是唯一的",
  "apiServicesDropdownLabel": "API 管理服務(_M)",
  "apiServicesDropdownDescription": "可裝載此 API 的 API 管理服務清單",
  "apiManagementDisplayBasic": "基本 (99.9% SLA)",
  "apiManagementDisplayConsumption": "使用 (99.9% SLA)",
  "apiManagementDisplayDeveloper": "開發人員 (無 SLA)",
  "apiManagementDisplayPremium": "進階 (99.99% SLA)",
  "apiManagementDisplayStandard": "標準 (99.9% SLA)",
  "apimangementCreateNameInstance": "建立新的 API 管理服務",
  "apiManagementUnableToCheckName": "無法檢查名稱",
  "apiManagementResourceNameLabel": "名稱(_N)",
  "apiManagementNameNotAvailable": "名稱已在使用中",
  "apiManagementNameNotMeetCriteria": "名稱必須介於 1 到 50 個字元之間，且以字母開頭，同時只能包含字母與數字",
  "apiManagementAzureCollectiveNoun": "API 管理執行個體",
  "apiManagementApiAzureCollectiveNoun": "API 管理 API",
  "appInsightsAzureDescription": "監視 Web 應用程式效能與使用方式 (與 Azure 中執行的執行個體連線)。",
  "appInsightsCollectiveNoun": "Application Insights 執行個體",
  "appInsightsCreateNameInstance": "建立 Application Insights 元件",
  "appInsightsDisplayName": "Application Insights",
  "appInsightsLogAnalyticsDropdownDescription": "儲存分析資料",
  "appInsightsLogAnalyticsDropdownLabel": "Azure Log Analytics 工作區(_A)",
  "appInsightsLogAnalyticsMustBeSet": "必須設定 Log Analytics 工作區",
  "appInsightsNameContainsReservedWords": "資源名稱不能包含任何商標或保留字。",
  "appInsightsNameNotAvailable": "名稱已在使用中",
  "appInsightsNameNotMeetCriteria": "名稱長度至少須為 1 個字元，最多 256 個字元。此外，只能使用英數字元和連字號。",
  "appInsightsResourceNameLabel": "名稱(_N)",
  "appInsightsToLogAnalyticsLocationMismatchWarning": "在 Log Analytics 工作區所在的 {0} 而不是 {1} 中託管 Application Insights 可能會對效能、成本和合規性產生影響",
  "appInsightsUnableToCheckNameAvailable": "無法檢查名稱可用性",
  "appInsightsUnableToCheckNameValid": "無法檢查名稱是否有效。",
  "springCloudServiceAppInsightsDropdownDescription": "儲存追蹤資料",
  "springCloudServiceAppInsightsDropdownLabel": "Azure App 深入解析(_P)",
  "springCloudServiceLogAnalyticsDropdownDescription": "儲存分析資料",
  "springCloudServiceLogAnalyticsDropdownLabel": "Azure Log Analytics 工作區(_A)",
  "logAnalyticsAzureDescription": "輕鬆地儲存、保留和查詢從 Azure 中受監視資源收集到的資料",
  "logAnalyticsUnableToCheckNameAvailable": "無法檢查名稱可用性",
  "logAnalyticsAzureCollectiveNoun": "Azure Log Analytics 工作區",
  "logAnalyticsNameNotAvailable": "無法使用名稱",
  "logAnalyticsCreateNameInstance": "建立 Azure Log Analytics 工作區",
  "logAnalyticsSkuDropDownName": "S_KU",
  "logAnalyticsSkuDropDownDescription": "工作區的成本取決於您使用的定價層和解決方案。",
  "logAnalyticsSkuDisplayPerg2018": "隨用隨付 (每 GB 2018)",
  "logAnalyticsNameNotMeetCriteria": "工作區名稱必須介於 4 到 63 個字元之間，且名稱只可包含字母、數字及 '-'。'-' 不得為第一個或最後一個字元。",
  "logAnalyticsSelectedSkuMustBeSet": "必須設定 SKU",
  "logAnalyticsResourceNameLabel": "名稱(_N)",
  "logAnalyticsDisplayName": "Azure Log Analytics 工作區",
  "appConfigAzureDependencyTypeName": "Azure 應用程式組態",
  "appConfigAzureDisplayName": "Azure 應用程式組態",
  "appConfigAzureDescription": "輕鬆存取在 Azure 集中管理的應用程式機碼值組設定和功能旗標。",
  "appConfigCollectiveNoun": "應用程式組態存放區",
  "appConfigResourceNameLabel": "資源名稱(_R)",
  "appConfigCreateNameInstance": "建立 Azure 應用程式組態存放區。",
  "appConfigFreeSkuLimitReached": "此訂用帳戶已達到免費層中 1 項應用程式組態資源的限制",
  "appConfigNameContainsReservedWords": "名稱不能包含任何商標或保留字。",
  "appConfigNameNotAvailable": "名稱無法使用。",
  "appConfigNameNotMeetCriteria": "名稱只能包含英數 ASCII 字元或 '-'，而且必須介於 5 到 50 個字元之間。",
  "appConfigSelectedSkuMustBeSet": "必須設定定價層。",
  "appConfigSkuDropDownDescription": "請選擇符合您應用程式儲存體與 SLA 需求的定價層。",
  "appConfigSkuDropDownName": "定價層(_P)",
  "appConfigSkuDisplayFree": "免費",
  "appConfigSkuDisplayStandard": "標準",
  "appConfigUnableToAccess": "無法存取應用程式組態存放區 '{0}'。請確認其仍然存在且可供存取。",
  "appConfigUnableToCheckNameAvailable": "無法檢查名稱可用性。",
  "appConfigUnableToCheckNameValid": "無法檢查名稱是否有效。",
  "containerAppsAzureDisplayName": "Azure 容器應用程式",
  "containerAppsAzureDescription": "在 Azure 中的無伺服器平台上執行可調整的容器化應用程式和微服務",
  "containerAppsCollectiveNoun": "容器應用程式",
  "containerAppsCreateNameInstance": "建立 Azure 容器應用程式",
  "containerAppsResourceNameLabel": "容器名稱應用程式名稱(_O)",
  "containerAppsContainerNameLabel": "容器名稱(_N)",
  "containerAppsContainerNameDescription": "容器應用程式中第一個容器的名稱",
  "containerAppsContainerNameNotMeetCriteria": "容器名稱必須介於 1 到 63 個字元之間、開頭必須是小寫字母或數字、包含小寫字母、數字和虛線，且結尾必須是小寫字母或數字",
  "containerAppsNameContainsReservedWords": "容器應用程式名稱不能包含任何商標或保留字。",
  "containerAppsNameNotMeetCriteria": "容器應用程式名稱必須介於 2 到 32 個字元之間，開頭必須是小寫字母，包含小寫字母、數字和虛線，且結尾必須是小寫字母或數字",
  "containerAppsNameNotAvailable": "容器應用程式名稱無法使用",
  "containerAppsUnableToCheckNameAvailable": "無法檢查容器應用程式名稱是否可供使用",
  "containerAppsUnableToCheckNameValid": "無法檢查名稱是否有效",
  "containerAppsLocationMustBeSet": "必須設定位置",
  "containerAppsManagedEnvironmentDisplayName": "Azure 容器應用程式環境",
  "containerAppsManagedEnvironmentCollectiveNoun": "容器應用程式環境",
  "containerAppsManagedEnvironmentMustBeSet": "必須設定容器應用程式環境",
  "containerAppsManagedEnvDropDownName": "容器應用程式環境(_O)",
  "containerAppsManagedEnvDropDownDescription": "選擇要在其中執行容器應用程式的環境",
  "cosmosdbAzureDependencyTypeName": "Azure Cosmos DB",
  "cosmosdbAzureDisplayName": "Azure Cosmos DB",
  "cosmosdbAzureDescription": "使用具有高度調整性、一致性與異地複寫性的資料存放區。",
  "cosmosdbApiDropDownName": "API(_A)",
  "cosmosdbApiDropDownDescription": "Cosmos DB 是多模型資料庫服務。請選擇要搭配此帳戶使用的 API 與資料模型",
  "cosmosdbApiCoreName": "核心 (SQL)",
  "cosmosdbApiCassandraName": "Cassandra",
  "cosmosdbApiTableName": "Azure 資料表",
  "cosmosdbApiGremlinName": "Gremlin (圖表)",
  "cosmosdbApiMongoName": "適用於 MongoDB 的 Azure Cosmos DB API",
  "cosmosdbCollectiveNoun": "Cosmos DB 執行個體",
  "cosmosdbResourceNameLabel": "資源名稱(_R)",
  "cosmosdbCreateNameInstance": "建立 Azure Cosmos DB",
  "cosmosDbNameContainsReservedWords": "名稱不能包含任何商標或保留字。",
  "cosmosDbNameNotAvailable": "無法使用名稱",
  "cosmosDbNameNotMeetCriteria": "名稱只能包含小寫字母、數字以及連字號，而且長度必須介於 3 到 31 個字元之間。",
  "cosmosDbUnableToCheckNameAvailable": "無法檢查名稱可用性",
  "cosmosDbUnableToCheckNameValid": "無法檢查名稱是否有效。",
  "cosmosDbSelectedApiMustBeSet": "必須設定 API",
  "formatDisplayNameWithLocation": "{0} ({1})",
  "formatDisplayNameNewItemWithLocation": "*{0} ({1})",
  "indicatorColumnHeader": "",
  "managedEnvironmentDisplayName": "Azure 容器應用程式環境",
  "managedEnvironmentDescription": "讓容器應用程式在其中執行的 Kubernetes 型環境",
  "managedEnvironmentCollectiveNoun": "容器應用程式環境",
  "managedEnvironmentsCreateNameInstance": "建立 Azure 容器應用程式環境",
  "managedEnvironmentResourceNameLabel": "環境名稱(_E)",
  "managedEnvironmentNameNotMeetCriteria": "環境名稱的長度必須是 2 到 60 個字元，開頭必須是字母或數字，包含字母、數字和虛線，且結尾必須是字母或數字",
  "managedEnvironmentNameNotAvailable": "環境名稱無法使用",
  "managedEnvironmentUnableToCheckNameAvailable": "無法檢查環境名稱",
  "managedEnvironmentNameContainsReservedWords": "環境名稱不能包含任何商標或保留字。",
  "managedEnvironmentUnableToCheckNameValid": "無法檢查環境名稱是否有效",
  "managedEnvironmentLocationMustBeSet": "必須設定位置",
  "managedEnvironmentLogAnalyticsMustBeSet": "必須設定記錄分析",
  "managedEnvironmentCreateNewInstanceDescription": "建立 Azure 容器應用程式環境",
  "managedEnvironmentLogAnalyticsDropdownDescription": "儲存分析資料",
  "managedEnvironmentLogAnalyticsDropdownLabel": "Azure Log Analytics 工作區(_A)",
  "managedEnvNoMoreThan2PerSubscription": "訂用帳戶不能包含 2 個以上的受控環境",
  "pricingTierColumnHeader": "階層(_T)",
  "pricingTierDropDownDescription": "選擇您服務的定價與可靠性特性",
  "pricingTierDropDownName": "定價層(_T)",
  "redisAzureCollectiveNoun": "適用於 Redis 的 Azure 快取",
  "redisAzureDependencyTypeName": "Azure Cache for Redis",
  "redisAzureDisplayName": "Azure Cache for Redis",
  "redisAzureDescription": "利用 Redis 引擎的低延遲、高輸送量功能，讓您的應用程式在使用者負載增加時也能保有回應性。",
  "redisSkuDropDownName": "SKU(_S)",
  "redisSkuDropDownDescription": "選擇 SKU 以符合您應用程式的快取大小與複寫需求",
  "redisSkuDisplayBasicC0": "基本 C0 (250 MB 快取)",
  "redisSkuDisplayBasicC1": "基本 C1 (1 GB 快取)",
  "redisSkuDisplayBasicC2": "基本 C2 (2.5 GB 快取)",
  "redisSkuDisplayBasicC3": "基本 C3 (6 GB 快取)",
  "redisSkuDisplayBasicC4": "基本 C4 (13 GB 快取)",
  "redisSkuDisplayBasicC5": "基本 C5 (26 GB 快取)",
  "redisSkuDisplayBasicC6": "基本 C6 (53 GB 快取)",
  "redisSkuDisplayStandardC0": "標準 C0 (250 MB 快取、複寫)",
  "redisSkuDisplayStandardC1": "標準 C1 (1 GB 快取，複寫)",
  "redisSkuDisplayStandardC2": "標準 C2 (2.5 GB 快取、複寫)",
  "redisSkuDisplayStandardC3": "標準 C3 (6 GB 快取，複寫)",
  "redisSkuDisplayStandardC4": "標準 C4 (13 GB 快取，複寫)",
  "redisSkuDisplayStandardC5": "標準 C5 (26 GB 快取，複寫)",
  "redisSkuDisplayStandardC6": "標準 C6 (53 GB 快取，複寫)",
  "redisSkuDisplayPremiumP1": "進階 P1 (1 GB 快取，複寫)",
  "redisSkuDisplayPremiumP2": "進階 P2 (2.5 GB 快取，複寫)",
  "redisSkuDisplayPremiumP3": "進階 P3 (6 GB 快取，複寫)",
  "redisSkuDisplayPremiumP4": "進階 P4 (13 GB 快取，複寫)",
  "redisSkuDisplayPremiumP5": "進階 P5 (26 GB 快取，複寫)",
  "redisResourceNameLabel": "資源名稱(_R)",
  "redisSelectedSkuMustBeSet": "必須設定 SKU",
  "redisCreateNameInstance": "建立適用於 Redis 的 Azure 快取",
  "redisNameContainsReservedWords": "名稱不能包含任何商標或保留字。",
  "redisNameNotAvailable": "無法使用名稱",
  "redisNameNotMeetCriteria": "名稱只可包含字母、數字與連字號 (-)。第一個與最後一個字元必須是字母或數字。不允許連續的連字號。",
  "redisUnableToCheckNameAvailable": "無法檢查名稱可用性",
  "redisUnableToCheckNameValid": "無法檢查名稱是否有效。",
  "connectionSettingName": "Connection setting _name",
  "connectionStringNameLabel": "連接字串名稱(_S)",
  "connectionStringNameDescription": "程式碼將用來參考此資源的名稱",
  "locationDropDownName": "位置(_L)",
  "locationDropDownDescription": "要在其中建立資源的位置",
  "newCommandLabel": "新增...",
  "organizationNameIsRequired": "需要組織",
  "organizationNameLabel": "組織(_O)",
  "organizationNameDescription": "指定您要用於開發人員入口網站及電子郵件通知的組織名稱。",
  "resourceTypeNotSupportedError": "此訂用帳戶不支援資源類型",
  "selectedLocationMustBeSet": "必須設定位置",
  "locationColumnHeader": "位置(_L)",
  "resourceGroupColumnHeader": "資源群組(_G)",
  "nameColumnHeader": "名稱(_N)",
  "skuColumnHeader": "SKU(_K)",
  "urlSuffixLengthMustBeValid": "URL 尾碼不能超過 400 個字元",
  "serviceLinkerDisplayName": "服務連接器",
  "serviceLinkerAzureDescription": "服務連接器會在具有計算和其他 Azure 資源的資源之間建立連線",
  "serviceLinkerAzureCollectiveNoun": "服務連接器連結",
  "signalrCollectiveNoun": "SignalR 執行個體",
  "signalrAzureDescription": "輕鬆對 Web 應用程式進行即時通訊。",
  "signalrAzureDisplayName": "Azure SignalR Service",
  "signalrPricingTierDropDownName": "定價層(_P)",
  "signalrPricingTierDropDownDescription": "選擇 SKU 以符合您應用程式的快取大小與複寫需求",
  "signalrPricingTierDisplayStandard": "標準",
  "signalrPricingTierDisplayFree": "免費",
  "signalrPricingTierDisplayPremium": "進階",
  "signalrResourceNameLabel": "資源名稱(_N)",
  "signalrNameNotMeetCriteria": "名稱長度至少須為 3 個字元，最多 63 個字元。此外，只能使用英數字元和連字號。",
  "signalrNameContainsReservedWords": "資源名稱不能包含任何商標或保留字。",
  "signalrUnableToCheckNameAvailable": "無法檢查名稱可用性",
  "signalrUnableToCheckNameValid": "無法檢查名稱是否有效。",
  "signalrNameNotAvailable": "名稱已在使用中",
  "signalrSelectedSkuMustBeSet": "必須設定 SKU",
  "signalrCreateInstanceText": "建立 Azure SignalR Service 執行個體",
  "signalrSkuCount": "訂用帳戶不能有超過 5 個免費層的 SignalR 服務",
  "azureKubernetesService": "Azure Kubernetes Service",
  "azureKubernetesServiceCollectiveNoun": "Azure Kubernetes Service",
  "azureKubernetesServiceDescription": "Azure Kubernetes Service 內執行的應用程式",
  "azureVirtualMachineScaleSet": "Azure 虛擬機器擴展集",
  "azureVirtualMachineScaleSetCollectiveNoun": "Azure 虛擬機器擴展集",
  "azureVirtualMachineScaleSetDescription": "在 Azure 虛擬機器擴展集內執行的應用程式",
  "azureVirtualMachineScaleSetWindows": "Azure 虛擬機器擴展集 (Windows)",
  "azureVirtualMachineScaleSetWindowsCollectiveNoun": "Azure 虛擬機器擴展集 (Windows)",
  "azureVirtualMachineScaleSetWindowsDescription": "在 Azure 虛擬機器擴展集內執行的應用程式 (Windows)",
  "azureClassicVirtualMachine": "Azure 傳統虛擬機器",
  "azureClassicVirtualMachineCollectiveNoun": "Azure 傳統虛擬機器",
  "azureClassicVirtualMachineDescription": "在 Azure 傳統虛擬機器內執行的應用程式",
  "azureClassicVirtualMachineWindows": "Azure 傳統虛擬機器 (Windows)",
  "azureClassicVirtualMachineWindowsCollectiveNoun": "Azure 傳統虛擬機器 (Windows)",
  "azureClassicVirtualMachineWindowsDescription": "在 Azure 傳統虛擬機器內執行的應用程式 (Windows)",
  "springCloudAppDescription": "於 Azure Spring Cloud 中執行的應用程式。",
  "springCloudAppDisplayName": "Azure Spring Cloud 應用程式",
  "springCloudAppsFolderName": "應用程式",
  "springCloudAppCollectiveNoun": "Azure Spring Cloud 應用程式",
  "springCloudAppCreateNameInstance": "建立 Azure Spring Cloud 應用程式",
  "springCloudAppResourceNameLabel": "應用程式名稱(_N)",
  "springCloudAppNameContainsReservedWords": "應用程式名稱不能包含任何商標或保留字。",
  "springCloudAppNameNotMeetCriteria": "此名稱只可包含小寫字母、數字及連字號。第一個字元必須是字母，最後一個字元必須是字母或數字。此值的長度必須介於 4 到 32 個字元之間。",
  "springCloudAppNameNotAvailable": "名稱已在使用中",
  "springCloudAppUnableToCheckNameAvailable": "無法檢查名稱可用性",
  "springCloudAppUnableToCheckNameValid": "無法檢查名稱是否有效。",
  "springCloudDeploymentCollectiveNoun": "Azure Spring Cloud 部署",
  "springCloudDeploymentDescription": "Azure Spring Cloud 應用程式可裝載多個部署，以進行藍/綠服務測試",
  "springCloudDeploymentDisplayName": "Azure Spring Cloud 部署",
  "springCloudServiceCollectiveNoun": "Azure Spring Cloud 服務",
  "springCloudServiceCreateNameInstance": "建立 Azure Spring Cloud",
  "springCloudServiceDescription": "Azure Spring Cloud 是無伺服器的微服務平臺，您可利用該平台在雲端中建置、部署和監視您的應用程式，以及調整其規模。使用 Spring Cloud 可為 Spring Boot 應用程式帶入新式的微服務模式，免除重複使用程式碼，快速建置強固的 .NET 應用程式。",
  "springCloudServiceDisplayName": "Azure Spring Cloud",
  "springCloudServiceLogAnalyticsMustBeSet": "必須設定 Log Analytics 工作區",
  "springCloudServiceResourceNameLabel": "服務名稱(_N)",
  "springCloudServiceNameNotMeetCriteria": "此名稱只可包含小寫字母、數字及連字號。第一個字元必須是字母，最後一個字元必須是字母或數字。此值的長度必須介於 4 到 32 個字元之間。",
  "springCloudServiceNameNotAvailable": "名稱已在使用中",
  "springCloudServiceUnableToCheckNameAvailable": "無法檢查名稱可用性",
  "springCloudServicesDropdownLabel": "Azure Spring Cloud(_P)",
  "springCloudServicesDropdownDescription": "選取此應用程式要在其中執行的 Azure Spring Cloud。",
  "springCloudServiceSkuBasic": "基本",
  "springCloudServiceSkuStandard": "標準",
  "springCloudServiceLocationMustBeSet": "必須設定位置",
  "springCloudServiceNoAppInsights": "沒有任何 App Insights",
  "springCloudServiceNoLogAnalytics": "沒有 Log Analytics",
  "springCloudServiceAppInsightsMustBeSet": "必須設定 App Insights",
  "springCloudServicePricingTierMustBeSet": "必須設定定價層",
  "springCloudServicePricingTiersLabel": "定價層(_P)",
  "springCloudServicePricingTiersDescription": "定價層會決定與您執行個體相關聯的資源與費用。",
  "springCloudServiceMustBeSet": "必須設定 Azure Spring Cloud",
  "springCloudServiceNameContainsReservedWords": "服務名稱不能包含任何商標或保留字。",
  "springCloudServiceUnableToCheckNameValid": "無法檢查名稱是否有效。"
}