{
  "apiAdministratorEmailDescription": "Legen Sie die E-Mail-Adresse fest, die alle vom API Management-System gesendeten E-Mail-Benachrichtigungen empfangen soll.",
  "apiAdministratorEmailLabel": "_Administrator-E-Mail-Adresse",
  "apiManagementAzureDisplayName": "Azure API Management-Dienst",
  "apiManagementAzureDescription": "Hiermit werden APIs in API Management veröffentlicht, damit sie von Azure Logic Apps und Power Apps verwendet werden können.",
  "apiManagementApiAzureDescription": "Hiermit werden APIs in API Management veröffentlicht, damit sie von Azure Logic Apps und Power Apps verwendet werden können.",
  "apiManagementApiAzureDisplayName": "API in API Management",
  "apiManagementApiNameNotAvailable": "Name ist nicht verfügbar",
  "apiManagementApiResourceNameLabel": "_API-Name",
  "apiManagementApiUnableToCheckNameAvailable": "Die Namensverfügbarkeit kann nicht überprüft werden.",
  "apimangementApiCreateNameInstance": "API Management-API erstellen",
  "apimapiNameNotMeetCriteria": "Der API-Name muss mit einem alphanumerischen Zeichen beginnen und enden und darf nur alphanumerische Zeichen und Bindestriche enthalten.",
  "apiURLSuffixDescription": "Der Pfad in der Domäne des API-Dienstnamens",
  "apiURLSuffixLabel": "API-_URL-Suffix",
  "apiSelectedServiceMustBeSet": "Es muss ein Dienst ausgewählt werden.",
  "apiManagementApisFolderName": "APIs",
  "apiURLSuffixMustBeUniqueInService": "Das URL-Suffix muss innerhalb einer einzelnen Dienstinstanz eindeutig sein.",
  "apiServicesDropdownLabel": "API _Management-Dienst",
  "apiServicesDropdownDescription": "Die Liste der API Management-Dienste, die diese API hosten könnten",
  "apiManagementDisplayBasic": "Basic (99,9 % SLA)",
  "apiManagementDisplayConsumption": "Verbrauch (99,9 % SLA)",
  "apiManagementDisplayDeveloper": "Developer (keine SLA)",
  "apiManagementDisplayPremium": "Premium (99,99 % SLA)",
  "apiManagementDisplayStandard": "Standard (99,9 % SLA)",
  "apimangementCreateNameInstance": "Neuen API Management-Dienst erstellen",
  "apiManagementUnableToCheckName": "Der Name kann nicht überprüft werden.",
  "apiManagementResourceNameLabel": "_Name",
  "apiManagementNameNotAvailable": "Der Name wird bereits verwendet.",
  "apiManagementNameNotMeetCriteria": "Der Name muss zwischen 1 und 50 Zeichen lang sein, mit einem Buchstaben beginnen und darf nur Buchstaben und Ziffern enthalten.",
  "apiManagementAzureCollectiveNoun": "API Management-Instanzen",
  "apiManagementApiAzureCollectiveNoun": "API Management-APIs",
  "appInsightsAzureDescription": "Überwachen der Leistung und Nutzung von Web-Apps (mit Verbindung mit einer Instanz, die in Azure ausgeführt wird)",
  "appInsightsCollectiveNoun": "Application Insights-Instanzen",
  "appInsightsCreateNameInstance": "Application Insights-Komponente erstellen",
  "appInsightsDisplayName": "Application Insights",
  "appInsightsLogAnalyticsDropdownDescription": "Analysedaten speichern",
  "appInsightsLogAnalyticsDropdownLabel": "Azure Log _Analytics-Arbeitsbereich",
  "appInsightsLogAnalyticsMustBeSet": "Der Log Analytics-Arbeitsbereich muss festgelegt werden.",
  "appInsightsNameContainsReservedWords": "Der Ressourcenname darf keine markenrechtlich geschützten oder reservierten Wörter enthalten.",
  "appInsightsNameNotAvailable": "Der Name wird bereits verwendet.",
  "appInsightsNameNotMeetCriteria": "Der Name muss mindestens 1 und höchstens 256 Zeichen lang sein. Darüber hinaus können nur alphanumerische Zeichen und Bindestriche verwendet werden.",
  "appInsightsResourceNameLabel": "_Name",
  "appInsightsToLogAnalyticsLocationMismatchWarning": "Application Insights wird in {0} anstelle von {1} gehostet, wo der Log Analytics-Arbeitsbereich Auswirkungen auf die Leistung, Kosten und Compliance haben kann.",
  "appInsightsUnableToCheckNameAvailable": "Die Namensverfügbarkeit kann nicht überprüft werden.",
  "appInsightsUnableToCheckNameValid": "Die Gültigkeit des Namens kann nicht überprüft werden",
  "springCloudServiceAppInsightsDropdownDescription": "Ablaufverfolgungsdaten speichern",
  "springCloudServiceAppInsightsDropdownLabel": "Azure A_pp Insights",
  "springCloudServiceLogAnalyticsDropdownDescription": "Analysedaten speichern",
  "springCloudServiceLogAnalyticsDropdownLabel": "Azure Log _Analytics-Arbeitsbereich",
  "logAnalyticsAzureDescription": "Hiermit können Daten, die über Ihre überwachten Ressourcen in Azure gesammelt werden, ganz einfach gespeichert, aufbewahrt und abgefragt werden.",
  "logAnalyticsUnableToCheckNameAvailable": "Die Namensverfügbarkeit kann nicht überprüft werden.",
  "logAnalyticsAzureCollectiveNoun": "Azure Log Analytics-Arbeitsbereiche",
  "logAnalyticsNameNotAvailable": "Name ist nicht verfügbar",
  "logAnalyticsCreateNameInstance": "Azure Log Analytics-Arbeitsbereich erstellen",
  "logAnalyticsSkuDropDownName": "S_KU",
  "logAnalyticsSkuDropDownDescription": "Die Kosten Ihres Arbeitsbereichs richten sich nach dem Tarif und den Lösungen, die Sie verwenden.",
  "logAnalyticsSkuDisplayPerg2018": "Nutzungsbasierte Bezahlung (Pro GB 2018)",
  "logAnalyticsNameNotMeetCriteria": "Der Arbeitsbereichsname muss zwischen 4 und 63 Zeichen umfassen, und der Name darf nur Buchstaben, Ziffern und Bindestriche (-) enthalten. Ein Bindestrich darf nicht als erstes oder letztes Zeichen verwendet werden.",
  "logAnalyticsSelectedSkuMustBeSet": "Die SKU muss festgelegt werden.",
  "logAnalyticsResourceNameLabel": "_Name",
  "logAnalyticsDisplayName": "Azure Log Analytics-Arbeitsbereich",
  "appConfigAzureDependencyTypeName": "Azure App Configuration",
  "appConfigAzureDisplayName": "Azure App Configuration",
  "appConfigAzureDescription": "Greifen Sie ganz einfach auf die Schlüssel-Wert-Einstellungen und Featureflags der Anwendung zu, die in Azure zentral verwaltet werden.",
  "appConfigCollectiveNoun": "App Configuration-Speicher",
  "appConfigResourceNameLabel": "_Ressourcenname",
  "appConfigCreateNameInstance": "Erstellen Sie einen Azure App Configuration-Speicher.",
  "appConfigFreeSkuLimitReached": "Dieses Abonnement hat das Limit von 1 App Configuration-Ressource im Free-Tarif erreicht",
  "appConfigNameContainsReservedWords": "Der Name darf keine markenrechtlich geschützten oder reservierten Wörter enthalten.",
  "appConfigNameNotAvailable": "Der Name ist nicht verfügbar.",
  "appConfigNameNotMeetCriteria": "Der Name darf nur alphanumerische ASCII-Zeichen oder \"-\" enthalten und muss zwischen 5 und 50 Zeichen umfassen.",
  "appConfigSelectedSkuMustBeSet": "Der Tarif muss festgelegt werden.",
  "appConfigSkuDropDownDescription": "Wählen Sie den Tarif aus, der den Speicher- und SLA-Anforderungen Ihrer App entspricht.",
  "appConfigSkuDropDownName": "_Tarif",
  "appConfigSkuDisplayFree": "Free",
  "appConfigSkuDisplayStandard": "Standard",
  "appConfigUnableToAccess": "Der Zugriff auf den App Configuration-Speicher \"{0}\" ist nicht möglich. Stellen Sie sicher, dass er noch vorhanden und zugänglich ist.",
  "appConfigUnableToCheckNameAvailable": "Die Namensverfügbarkeit kann nicht überprüft werden.",
  "appConfigUnableToCheckNameValid": "Die Gültigkeit des Namens kann nicht überprüft werden.",
  "containerAppsAzureDisplayName": "Azure Container Apps",
  "containerAppsAzureDescription": "Ausführen skalierbarer Containeranwendungen und Microservices auf einer serverlosen Plattform in Azure",
  "containerAppsCollectiveNoun": "Container-Apps",
  "containerAppsCreateNameInstance": "Erstellen einer Azure-Container-App",
  "containerAppsResourceNameLabel": "C_ontainer App-Name",
  "containerAppsContainerNameLabel": "Container_name",
  "containerAppsContainerNameDescription": "Name für den ersten Container in der Container-App",
  "containerAppsContainerNameNotMeetCriteria": "Der Containername muss zwischen 1 und 63 Zeichen umfassen, mit einem Kleinbuchstaben oder einer Zahl beginnen, Kleinbuchstaben, Zahlen und Bindestriche enthalten und mit einem Kleinbuchstaben oder einer Zahl enden.",
  "containerAppsNameContainsReservedWords": "Der Name der Container-App darf keine geschützten oder reservierten Wörter enthalten.",
  "containerAppsNameNotMeetCriteria": "Der Name der Container-App muss zwischen 2 und 32 Zeichen umfassen, mit einem Kleinbuchstaben beginnen, Kleinbuchstaben, Zahlen und Bindestriche enthalten und mit einem Kleinbuchstaben oder einer Ziffer enden.",
  "containerAppsNameNotAvailable": "Der Container-App-Name ist nicht verfügbar.",
  "containerAppsUnableToCheckNameAvailable": "Es kann nicht überprüft werden, ob der Name der Container-App verfügbar ist.",
  "containerAppsUnableToCheckNameValid": "Es kann nicht überprüft werden, ob der Name gültig ist.",
  "containerAppsLocationMustBeSet": "Der Standort muss festgelegt werden.",
  "containerAppsManagedEnvironmentDisplayName": "Azure Container Apps-Umgebung",
  "containerAppsManagedEnvironmentCollectiveNoun": "Container Apps-Umgebungen",
  "containerAppsManagedEnvironmentMustBeSet": "Die Container-Apps-Umgebung muss festgelegt werden.",
  "containerAppsManagedEnvDropDownName": "C_ontainer-Apps-Umgebung",
  "containerAppsManagedEnvDropDownDescription": "Wählen Sie eine Umgebung aus, in der die Container-App ausgeführt werden soll.",
  "cosmosdbAzureDependencyTypeName": "Azure Cosmos DB",
  "cosmosdbAzureDisplayName": "Azure Cosmos DB",
  "cosmosdbAzureDescription": "Verwenden Sie hoch skalierbare, konsistente und georeplizierte Datenspeicher.",
  "cosmosdbApiDropDownName": "_API",
  "cosmosdbApiDropDownDescription": "Cosmos DB ist ein Datenbankdienst mit mehreren Modellen. Wählen Sie die API und das Datenmodell aus, das mit diesem Konto verwendet werden soll.",
  "cosmosdbApiCoreName": "Core (SQL)",
  "cosmosdbApiCassandraName": "Cassandra",
  "cosmosdbApiTableName": "Azure-Tabelle",
  "cosmosdbApiGremlinName": "Gremlin (Diagramm)",
  "cosmosdbApiMongoName": "Azure Cosmos DB für MongoDB-API",
  "cosmosdbCollectiveNoun": "Cosmos DB-Instanzen",
  "cosmosdbResourceNameLabel": "_Ressourcenname",
  "cosmosdbCreateNameInstance": "Azure Cosmos DB-Instanz erstellen",
  "cosmosDbNameContainsReservedWords": "Der Name darf keine markenrechtlich geschützten oder reservierten Wörter enthalten.",
  "cosmosDbNameNotAvailable": "Name ist nicht verfügbar",
  "cosmosDbNameNotMeetCriteria": "Der Name kann nur Kleinbuchstaben, Ziffern und Bindestriche enthalten und muss 3–31 Zeichen lang sein.",
  "cosmosDbUnableToCheckNameAvailable": "Die Namensverfügbarkeit kann nicht überprüft werden.",
  "cosmosDbUnableToCheckNameValid": "Die Gültigkeit des Namens kann nicht überprüft werden",
  "cosmosDbSelectedApiMustBeSet": "Die API muss festgelegt werden.",
  "formatDisplayNameWithLocation": "{0} ({1})",
  "formatDisplayNameNewItemWithLocation": "*{0} ({1})",
  "indicatorColumnHeader": "",
  "managedEnvironmentDisplayName": "Azure Container Apps-Umgebung",
  "managedEnvironmentDescription": "Eine Kubernetes-basierte Umgebung, in der Container-Apps ausgeführt werden können",
  "managedEnvironmentCollectiveNoun": "Container-App-Umgebungen",
  "managedEnvironmentsCreateNameInstance": "Azure Container Apps-Umgebung erstellen",
  "managedEnvironmentResourceNameLabel": "_Environment Name",
  "managedEnvironmentNameNotMeetCriteria": "Der Umgebungsname muss 2 bis 60 Zeichen lang sein, mit einem Buchstaben oder einer Ziffer beginnen, Buchstaben, Zahlen und Bindestriche enthalten und mit einem Buchstaben oder einer Ziffer enden.",
  "managedEnvironmentNameNotAvailable": "Der Umgebungsname ist nicht verfügbar.",
  "managedEnvironmentUnableToCheckNameAvailable": "Der Umgebungsname kann nicht überprüft werden.",
  "managedEnvironmentNameContainsReservedWords": "Der Umgebungsname darf keine markenrechtlich geschützten oder reservierte Wörter enthalten.",
  "managedEnvironmentUnableToCheckNameValid": "Es kann nicht überprüft werden, ob der Umgebungsname gültig ist.",
  "managedEnvironmentLocationMustBeSet": "Der Standort muss festgelegt werden.",
  "managedEnvironmentLogAnalyticsMustBeSet": "Log Analytics muss festgelegt werden.",
  "managedEnvironmentCreateNewInstanceDescription": "Azure Container Apps-Umgebung erstellen",
  "managedEnvironmentLogAnalyticsDropdownDescription": "Analysedaten speichern",
  "managedEnvironmentLogAnalyticsDropdownLabel": "Azure Log _Analytics-Arbeitsbereich",
  "managedEnvNoMoreThan2PerSubscription": "Ein Abonnement darf nicht mehr als 2 verwaltete Umgebungen enthalten.",
  "pricingTierColumnHeader": "_Tarif",
  "pricingTierDropDownDescription": "Wählen Sie die Preise und Zuverlässigkeitsmerkmale Ihres Diensts aus.",
  "pricingTierDropDownName": "_Tarif",
  "redisAzureCollectiveNoun": "Azure Cache for Redis",
  "redisAzureDependencyTypeName": "Azure Cache for Redis",
  "redisAzureDisplayName": "Azure Cache for Redis",
  "redisAzureDescription": "Sorgen Sie auch bei steigender Benutzerauslastung für eine kontinuierlich hohe Reaktionsfähigkeit Ihrer Anwendung, indem Sie die Funktionen für niedrige Latenz und hohen Durchsatz der Redis-Engine nutzen.",
  "redisSkuDropDownName": "_SKU",
  "redisSkuDropDownDescription": "Wählen Sie die SKU aus, die den Cachegrößen- und Replikationsanforderungen Ihrer App entspricht.",
  "redisSkuDisplayBasicC0": "Basic C0 (250 MB Cache)",
  "redisSkuDisplayBasicC1": "Basic C1 (1 GB Cache)",
  "redisSkuDisplayBasicC2": "Basic C2 (2,5 GB Cache)",
  "redisSkuDisplayBasicC3": "Basic C3 (6 GB Cache)",
  "redisSkuDisplayBasicC4": "Basic C4 (13 GB Cache)",
  "redisSkuDisplayBasicC5": "Basic C5 (26 GB Cache)",
  "redisSkuDisplayBasicC6": "Basic C6 (53 GB Cache)",
  "redisSkuDisplayStandardC0": "Standard C0 (250 MB Cache, Replikation)",
  "redisSkuDisplayStandardC1": "Standard C1 (1 GB Cache, Replikation)",
  "redisSkuDisplayStandardC2": "Standard C2 (2,5 GB Cache, Replikation)",
  "redisSkuDisplayStandardC3": "Standard C3 (6 GB Cache, Replikation)",
  "redisSkuDisplayStandardC4": "Standard C4 (13 GB Cache, Replikation)",
  "redisSkuDisplayStandardC5": "Standard C5 (26 GB Cache, Replikation)",
  "redisSkuDisplayStandardC6": "Standard C6 (53 GB Cache, Replikation)",
  "redisSkuDisplayPremiumP1": "Premium P1 (1 GB Cache, Replikation)",
  "redisSkuDisplayPremiumP2": "Premium P2 (2,5 GB Cache, Replikation)",
  "redisSkuDisplayPremiumP3": "Premium P3 (6 GB Cache, Replikation)",
  "redisSkuDisplayPremiumP4": "Premium P4 (13 GB Cache, Replikation)",
  "redisSkuDisplayPremiumP5": "Premium P5 (26 GB Cache, Replikation)",
  "redisResourceNameLabel": "_Ressourcenname",
  "redisSelectedSkuMustBeSet": "Die SKU muss festgelegt werden.",
  "redisCreateNameInstance": "Azure Cache for Redis-Instanz erstellen",
  "redisNameContainsReservedWords": "Der Name darf keine markenrechtlich geschützten oder reservierten Wörter enthalten.",
  "redisNameNotAvailable": "Name ist nicht verfügbar",
  "redisNameNotMeetCriteria": "Namen dürfen nur Buchstaben, Ziffern und Bindestriche enthalten. Das erste und das letzte Zeichen muss ein Buchstabe oder eine Ziffer sein. Aufeinanderfolgende Bindestriche sind nicht zulässig.",
  "redisUnableToCheckNameAvailable": "Die Namensverfügbarkeit kann nicht überprüft werden.",
  "redisUnableToCheckNameValid": "Die Gültigkeit des Namens kann nicht überprüft werden",
  "connectionSettingName": "Connection setting _name",
  "connectionStringNameLabel": "Name der Verbindung_szeichenfolge",
  "connectionStringNameDescription": "Name, mit dem Code auf diese Ressource verweist",
  "locationDropDownName": "_Standort",
  "locationDropDownDescription": "Standort, an dem die Ressource erstellt werden soll",
  "newCommandLabel": "Neu...",
  "organizationNameIsRequired": "Die Organisation ist erforderlich.",
  "organizationNameLabel": "_Organisation",
  "organizationNameDescription": "Hiermit wird der Name Ihrer Organisation zur Verwendung im Entwicklerportal und in E-Mail-Benachrichtigungen angegeben.",
  "resourceTypeNotSupportedError": "Der Ressourcentyp wird in diesem Abonnement nicht unterstützt.",
  "selectedLocationMustBeSet": "Der Standort muss festgelegt werden.",
  "locationColumnHeader": "_Standort",
  "resourceGroupColumnHeader": "Ressourcen_gruppe",
  "nameColumnHeader": "_Name",
  "skuColumnHeader": "S_KU",
  "urlSuffixLengthMustBeValid": "Das URL-Suffix muss weniger als 400 Zeichen umfassen.",
  "serviceLinkerDisplayName": "Dienstconnector",
  "serviceLinkerAzureDescription": "Der Dienstconnector erstellt eine Verbindung zwischen Ressourcen mit Berechnung und anderen Azure-Ressourcen.",
  "serviceLinkerAzureCollectiveNoun": "Dienstconnector (Links)",
  "signalrCollectiveNoun": "SignalR-Instanzen",
  "signalrAzureDescription": "Ermöglichen Sie auf einfache Weise die Echtzeitkommunikation mit Ihrer Webanwendung.",
  "signalrAzureDisplayName": "Azure SignalR Service",
  "signalrPricingTierDropDownName": "_Tarif",
  "signalrPricingTierDropDownDescription": "Wählen Sie die SKU aus, die den Cachegrößen- und Replikationsanforderungen Ihrer App entspricht.",
  "signalrPricingTierDisplayStandard": "Standard",
  "signalrPricingTierDisplayFree": "Free",
  "signalrPricingTierDisplayPremium": "Premium",
  "signalrResourceNameLabel": "Ressourcen_name",
  "signalrNameNotMeetCriteria": "Der Name muss mindestens 3 und darf höchstens 63 Zeichen lang sein. Darüber hinaus können nur alphanumerische Zeichen und Bindestriche verwendet werden.",
  "signalrNameContainsReservedWords": "Der Ressourcenname darf keine Marken- oder reservierten Wörter enthalten.",
  "signalrUnableToCheckNameAvailable": "Die Namensverfügbarkeit kann nicht überprüft werden.",
  "signalrUnableToCheckNameValid": "Die Gültigkeit des Namens kann nicht überprüft werden",
  "signalrNameNotAvailable": "Der Name wird bereits verwendet.",
  "signalrSelectedSkuMustBeSet": "Die SKU muss festgelegt werden.",
  "signalrCreateInstanceText": "Azure SignalR Service-Instanz erstellen",
  "signalrSkuCount": "Ein Abonnement darf nicht mehr als 5 SignalR-Dienste des Free-Tarifs aufweisen.",
  "azureKubernetesService": "Azure Kubernetes Service",
  "azureKubernetesServiceCollectiveNoun": "Azure Kubernetes Services",
  "azureKubernetesServiceDescription": "Eine Anwendung, die in Azure Kubernetes Service ausgeführt wird",
  "azureVirtualMachineScaleSet": "Azure-VM-Skalierungsgruppe",
  "azureVirtualMachineScaleSetCollectiveNoun": "Azure-VM-Skalierungsgruppe",
  "azureVirtualMachineScaleSetDescription": "Eine Anwendung, die in Azure Virtual Machine Scale Sets ausgeführt wird",
  "azureVirtualMachineScaleSetWindows": "Azure-VM-Skalierungsgruppe (Windows)",
  "azureVirtualMachineScaleSetWindowsCollectiveNoun": "Azure-VM-Skalierungsgruppen (Windows)",
  "azureVirtualMachineScaleSetWindowsDescription": "Eine Anwendung, die in Azure-VM-Skalierungsgruppen (Windows) ausgeführt wird",
  "azureClassicVirtualMachine": "Azure klassischer virtueller Computer",
  "azureClassicVirtualMachineCollectiveNoun": "Azure klassische virtuelle Computer",
  "azureClassicVirtualMachineDescription": "Eine Anwendung, die auf einem klassischen virtuellen Azure-Computer ausgeführt wird",
  "azureClassicVirtualMachineWindows": "Azure klassischer virtueller Computer (Windows)",
  "azureClassicVirtualMachineWindowsCollectiveNoun": "Azure klassische virtuelle Computer (Windows)",
  "azureClassicVirtualMachineWindowsDescription": "Eine Anwendung, die auf einem Azure klassischen virtuellen Computer (Windows) ausgeführt wird",
  "springCloudAppDescription": "Eine Anwendung, die in Azure Spring Cloud ausgeführt wird.",
  "springCloudAppDisplayName": "Azure Spring Cloud-App",
  "springCloudAppsFolderName": "Apps",
  "springCloudAppCollectiveNoun": "Azure Spring Cloud-Apps",
  "springCloudAppCreateNameInstance": "Azure Spring Cloud-App erstellen",
  "springCloudAppResourceNameLabel": "App-Na_me",
  "springCloudAppNameContainsReservedWords": "Der App-Name darf keine markenrechtlich geschützten oder reservierten Wörter enthalten.",
  "springCloudAppNameNotMeetCriteria": "Der Name darf nur Kleinbuchstaben, Ziffern und Bindestriche enthalten. Das erste Zeichen muss ein Buchstabe und das letzte Zeichen ein Buchstabe oder eine Ziffer sein. Der Wert muss zwischen 4 und 32 Zeichen lang sein.",
  "springCloudAppNameNotAvailable": "Der Name wird bereits verwendet.",
  "springCloudAppUnableToCheckNameAvailable": "Die Namensverfügbarkeit kann nicht überprüft werden.",
  "springCloudAppUnableToCheckNameValid": "Die Gültigkeit des Namens kann nicht überprüft werden",
  "springCloudDeploymentCollectiveNoun": "Azure Spring Cloud-Bereitstellungen",
  "springCloudDeploymentDescription": "Azure Spring Cloud-Apps können mehrere Bereitstellungen für Blue/Green-Diensttests hosten.",
  "springCloudDeploymentDisplayName": "Azure Spring Cloud-Bereitstellung",
  "springCloudServiceCollectiveNoun": "Azure Spring Cloud-Dienste",
  "springCloudServiceCreateNameInstance": "Azure Spring Cloud-Instanz erstellen",
  "springCloudServiceDescription": "Azure Spring Cloud ist eine serverlose Plattform für Microservices, mit der Sie Ihre Anwendungen in der Cloud erstellen, bereitstellen, skalieren und überwachen können. Verwenden Sie Spring Cloud, um moderne Microservicemuster in Spring Boot-Apps zu integrieren, wodurch für das schnelle Entwickeln robuster .NET-Apps keine Codebausteine benötigt werden.",
  "springCloudServiceDisplayName": "Azure Spring Cloud",
  "springCloudServiceLogAnalyticsMustBeSet": "Der Log Analytics-Arbeitsbereich muss festgelegt werden.",
  "springCloudServiceResourceNameLabel": "Dienst_name",
  "springCloudServiceNameNotMeetCriteria": "Der Name darf nur Kleinbuchstaben, Ziffern und Bindestriche enthalten. Das erste Zeichen muss ein Buchstabe und das letzte Zeichen ein Buchstabe oder eine Ziffer sein. Der Wert muss zwischen 4 und 32 Zeichen lang sein.",
  "springCloudServiceNameNotAvailable": "Der Name wird bereits verwendet.",
  "springCloudServiceUnableToCheckNameAvailable": "Die Namensverfügbarkeit kann nicht überprüft werden.",
  "springCloudServicesDropdownLabel": "Azure S_pring Cloud",
  "springCloudServicesDropdownDescription": "Wählen Sie eine Azure Spring Cloud-Instanz aus, in der diese Anwendung ausgeführt werden soll.",
  "springCloudServiceSkuBasic": "Basic",
  "springCloudServiceSkuStandard": "Standard",
  "springCloudServiceLocationMustBeSet": "Der Standort muss festgelegt werden.",
  "springCloudServiceNoAppInsights": "Kein App Insights",
  "springCloudServiceNoLogAnalytics": "Kein Log Analytics",
  "springCloudServiceAppInsightsMustBeSet": "App Insights muss festgelegt werden.",
  "springCloudServicePricingTierMustBeSet": "Der Tarif muss festgelegt werden.",
  "springCloudServicePricingTiersLabel": "_Tarif",
  "springCloudServicePricingTiersDescription": "Der Tarif bestimmt die mit Ihrer Instanz verbundenen Ressourcen und Kosten.",
  "springCloudServiceMustBeSet": "Azure Spring Cloud muss festgelegt werden.",
  "springCloudServiceNameContainsReservedWords": "Der Dienstname darf keine markenrechtlich geschützten oder reservierten Wörter enthalten.",
  "springCloudServiceUnableToCheckNameValid": "Die Gültigkeit des Namens kann nicht überprüft werden"
}