{
  "apiAdministratorEmailDescription": "API Management から送信されるすべてのシステム通知を受信するメール アドレスを設定します。",
  "apiAdministratorEmailLabel": "管理者のメール(_A)",
  "apiManagementAzureDisplayName": "Azure API Management サービス",
  "apiManagementAzureDescription": "Azure Logic Apps および Power Apps で使用するために API を API Management に発行します",
  "apiManagementApiAzureDescription": "Azure Logic Apps および Power Apps で使用するために API を API Management に発行します",
  "apiManagementApiAzureDisplayName": "API Management 内の API",
  "apiManagementApiNameNotAvailable": "名前は使用できません",
  "apiManagementApiResourceNameLabel": "API 名(_A)",
  "apiManagementApiUnableToCheckNameAvailable": "名前を使用できるかどうかをチェックできません",
  "apimangementApiCreateNameInstance": "API Management API を作成する",
  "apimapiNameNotMeetCriteria": "API 名は、先頭と末尾を英数字にする必要があり、含めることができるのは英数字とハイフンのみです。",
  "apiURLSuffixDescription": "API サービス名のドメイン上のパス",
  "apiURLSuffixLabel": "API URL サフィックス(_U)",
  "apiSelectedServiceMustBeSet": "サービスを選択する必要があります",
  "apiManagementApisFolderName": "API",
  "apiURLSuffixMustBeUniqueInService": "URL サフィックスは単一のサービス インスタンス内で一意である必要があります",
  "apiServicesDropdownLabel": "API Management サービス(_M)",
  "apiServicesDropdownDescription": "この API をホストできる API Management サービスの一覧",
  "apiManagementDisplayBasic": "Basic (99.9% SLA)",
  "apiManagementDisplayConsumption": "Consumption (99.9% SLA)",
  "apiManagementDisplayDeveloper": "Developer (SLA なし)",
  "apiManagementDisplayPremium": "Premium (99.99% SLA)",
  "apiManagementDisplayStandard": "Standard (99.9% SLA)",
  "apimangementCreateNameInstance": "新しい API Management サービスを作成する",
  "apiManagementUnableToCheckName": "名前の確認ができません",
  "apiManagementResourceNameLabel": "名前(_N)",
  "apiManagementNameNotAvailable": "既に使用中の名前です",
  "apiManagementNameNotMeetCriteria": "名前は 1 から 50 文字にする必要があり、先頭には英字を使用し、英字と数字のみを使用する必要があります",
  "apiManagementAzureCollectiveNoun": "API Management インスタンス",
  "apiManagementApiAzureCollectiveNoun": "API Management API",
  "appInsightsAzureDescription": "Web アプリのパフォーマンスと使用状況を監視します (Azure で実行されているインスタンスへの接続を使用)。",
  "appInsightsCollectiveNoun": "Application Insights のインスタンス",
  "appInsightsCreateNameInstance": "Application Insights コンポーネントを作成する",
  "appInsightsDisplayName": "Application Insights",
  "appInsightsLogAnalyticsDropdownDescription": "分析データの保存",
  "appInsightsLogAnalyticsDropdownLabel": "Azure Log Analytics ワークスペース(_A)",
  "appInsightsLogAnalyticsMustBeSet": "Log Analytics ワークスペースを設定する必要があります",
  "appInsightsNameContainsReservedWords": "リソース名に商標または予約語を含めることはできません。",
  "appInsightsNameNotAvailable": "既に使用中の名前です",
  "appInsightsNameNotMeetCriteria": "名前の長さは 1 から 256 文字にする必要があります。また、英数字とハイフンのみを使用できます。",
  "appInsightsResourceNameLabel": "_Name",
  "appInsightsToLogAnalyticsLocationMismatchWarning": "Log Analytics ワークスペースがパフォーマンス、コスト、コンプライアンスに影響を与える可能性がある {1} の代わりに {0} で Application Insights をホストする",
  "appInsightsUnableToCheckNameAvailable": "名前を使用できるかどうかをチェックできません",
  "appInsightsUnableToCheckNameValid": "名前が有効であるかどうかを確認できません",
  "springCloudServiceAppInsightsDropdownDescription": "トレース データを保存します",
  "springCloudServiceAppInsightsDropdownLabel": "Azure App Insights(_P)",
  "springCloudServiceLogAnalyticsDropdownDescription": "分析データを保存します",
  "springCloudServiceLogAnalyticsDropdownLabel": "Azure Log Analytics ワークスペース(_A)",
  "logAnalyticsAzureDescription": "監視対象リソースから収集されたデータを Azure で簡単に保存、保持、クエリを実行することができます",
  "logAnalyticsUnableToCheckNameAvailable": "名前を使用できるかどうかをチェックできません",
  "logAnalyticsAzureCollectiveNoun": "Azure Log Analytics ワークスペース",
  "logAnalyticsNameNotAvailable": "名前は使用できません",
  "logAnalyticsCreateNameInstance": "Azure Log Analytics ワークスペースの作成",
  "logAnalyticsSkuDropDownName": "SKU(_K)",
  "logAnalyticsSkuDropDownDescription": "ワークスペースのコストは、使用する価格レベルとソリューションに応じて異なります。",
  "logAnalyticsSkuDisplayPerg2018": "従量課金制 (1 GB あたり (2018))",
  "logAnalyticsNameNotMeetCriteria": "ワークスペース名は 4 から 63 文字にする必要があります。名前に使用できるのは、アルファベット、数字、'-' のみです。'-' を最初または最後の文字にすることはできません。",
  "logAnalyticsSelectedSkuMustBeSet": "SKU を設定する必要があります",
  "logAnalyticsResourceNameLabel": "名前(_N)",
  "logAnalyticsDisplayName": "Azure Log Analytics ワークスペース",
  "appConfigAzureDependencyTypeName": "Azure App Configuration",
  "appConfigAzureDisplayName": "Azure App Configuration",
  "appConfigAzureDescription": "Azure で一元管理されているアプリケーションのキーと値の設定と機能フラグに簡単にアクセスできます。",
  "appConfigCollectiveNoun": "App Configuration ストア",
  "appConfigResourceNameLabel": "リソース名(_R)",
  "appConfigCreateNameInstance": "Azure App Configuration ストアを作成します。",
  "appConfigFreeSkuLimitReached": "このサブスクリプションが、Free レベルでの App Configuration リソースの上限である 1 に達しました。",
  "appConfigNameContainsReservedWords": "名前に商標または予約語を含めることはできません。",
  "appConfigNameNotAvailable": "名前は使用できません。",
  "appConfigNameNotMeetCriteria": "名前には、英数字の ASCII 文字か '-' のみを、5 文字から 50 文字の範囲で使用できます。",
  "appConfigSelectedSkuMustBeSet": "価格レベルを設定する必要があります。",
  "appConfigSkuDropDownDescription": "お客様のアプリのストレージと SLA の要件に合う価格レベルを選択します。",
  "appConfigSkuDropDownName": "価格レベル(_P)",
  "appConfigSkuDisplayFree": "Free",
  "appConfigSkuDisplayStandard": "Standard",
  "appConfigUnableToAccess": "App Configuration ストア '{0}' にアクセスできません。これがまだ存在し、アクセス可能であることを確認してください。",
  "appConfigUnableToCheckNameAvailable": "名前を使用できるかどうかをチェックできません。",
  "appConfigUnableToCheckNameValid": "名前が有効であるかどうかを確認できません。",
  "containerAppsAzureDisplayName": "Azure Container Apps",
  "containerAppsAzureDescription": "Azure のサーバーレス プラットフォームでスケーラブルなコンテナー化されたアプリケーションとマイクロサービスを実行する",
  "containerAppsCollectiveNoun": "コンテナー アプリ",
  "containerAppsCreateNameInstance": "Azure コンテナー アプリを作成する",
  "containerAppsResourceNameLabel": "コンテナー アプリ名(_O)",
  "containerAppsContainerNameLabel": "コンテナー名(_N)",
  "containerAppsContainerNameDescription": "コンテナー アプリでの最初のコンテナー用の名前",
  "containerAppsContainerNameNotMeetCriteria": "コンテナー名は、1 文字以上 63 文字以下にし、小文字、数字、ダッシュを含め、先頭と末尾を小文字か数字にする必要があります",
  "containerAppsNameContainsReservedWords": "コンテナー アプリ名に商標または予約語を含めることはできません。",
  "containerAppsNameNotMeetCriteria": "コンテナー アプリ名は 2 文字以上 32 文字以下でなければなりません。名前の先頭は小文字でなければならず、小文字、数字、ダッシュを含み、末尾は小文字または数字でなければなりません",
  "containerAppsNameNotAvailable": "コンテナー アプリ名は使用できません",
  "containerAppsUnableToCheckNameAvailable": "コンテナー アプリ名が使用可能であるかどうかを確認できません",
  "containerAppsUnableToCheckNameValid": "名前が有効であるかどうかを確認できません",
  "containerAppsLocationMustBeSet": "場所を設定する必要があります",
  "containerAppsManagedEnvironmentDisplayName": "Azure Container Apps 環境",
  "containerAppsManagedEnvironmentCollectiveNoun": "Container Apps 環境",
  "containerAppsManagedEnvironmentMustBeSet": "Container Apps 環境を設定する必要があります",
  "containerAppsManagedEnvDropDownName": "Container Apps 環境(_O)",
  "containerAppsManagedEnvDropDownDescription": "コンテナー アプリに必要な環境を選択して実行します",
  "cosmosdbAzureDependencyTypeName": "Azure Cosmos DB",
  "cosmosdbAzureDisplayName": "Azure Cosmos DB",
  "cosmosdbAzureDescription": "拡張性が高く、geo レプリケーションが有効な一貫性のあるデータ ストアを使用します。",
  "cosmosdbApiDropDownName": "API(_A)",
  "cosmosdbApiDropDownDescription": "Cosmos DB はマルチモデル データベース サービスです。このアカウントで使用する API とデータ モデルを選択してください",
  "cosmosdbApiCoreName": "コア (SQL)",
  "cosmosdbApiCassandraName": "Cassandra",
  "cosmosdbApiTableName": "Azure テーブル",
  "cosmosdbApiGremlinName": "Gremlin (グラフ)",
  "cosmosdbApiMongoName": "MongoDB API 向けの Azure Cosmos DB",
  "cosmosdbCollectiveNoun": "Cosmos DB インスタンス",
  "cosmosdbResourceNameLabel": "リソース名(_R)",
  "cosmosdbCreateNameInstance": "Azure Cosmos DB を作成する",
  "cosmosDbNameContainsReservedWords": "名前に商標または予約語を含めることはできません。",
  "cosmosDbNameNotAvailable": "名前は使用できません",
  "cosmosDbNameNotMeetCriteria": "名前に使用できるのは小文字、数字、ハイフンのみで、3 文字以上 31 文字以下でなければなりません。",
  "cosmosDbUnableToCheckNameAvailable": "名前を使用できるかどうかをチェックできません",
  "cosmosDbUnableToCheckNameValid": "名前が有効であるかどうかを確認できません",
  "cosmosDbSelectedApiMustBeSet": "API を設定する必要があります",
  "formatDisplayNameWithLocation": "{0} ({1})",
  "formatDisplayNameNewItemWithLocation": "*{0} ({1})",
  "indicatorColumnHeader": "",
  "managedEnvironmentDisplayName": "Azure Container Apps 環境",
  "managedEnvironmentDescription": "Container Apps を実行するための Kubernetes ベースの環境",
  "managedEnvironmentCollectiveNoun": "コンテナー アプリ環境",
  "managedEnvironmentsCreateNameInstance": "Azure Container Apps 環境を作成します",
  "managedEnvironmentResourceNameLabel": "環境名(_E)",
  "managedEnvironmentNameNotMeetCriteria": "環境名は 2 文字以上 60 文字以下でなければなりません。名前の先頭は英字または数字でなければならず、英字、数字、ダッシュを含み、末尾は英字か数字でなければなりません",
  "managedEnvironmentNameNotAvailable": "使用できない環境名です",
  "managedEnvironmentUnableToCheckNameAvailable": "環境名を確認できません",
  "managedEnvironmentNameContainsReservedWords": "環境名に商標または予約語を含めることはできません。",
  "managedEnvironmentUnableToCheckNameValid": "環境名が有効かどうかを確認できません",
  "managedEnvironmentLocationMustBeSet": "場所を設定する必要があります",
  "managedEnvironmentLogAnalyticsMustBeSet": "ログ分析の設定が必要です",
  "managedEnvironmentCreateNewInstanceDescription": "Azure Container Apps 環境の作成",
  "managedEnvironmentLogAnalyticsDropdownDescription": "分析データの保存",
  "managedEnvironmentLogAnalyticsDropdownLabel": "Azure Log Analytics ワークスペース(_A)",
  "managedEnvNoMoreThan2PerSubscription": "1 つのサブスクリプションに 3 つ以上のマネージド 環境を含めることはできません",
  "pricingTierColumnHeader": "レベル(_T)",
  "pricingTierDropDownDescription": "サービスの価格および信頼性の特性を選択します",
  "pricingTierDropDownName": "価格レベル(_T)",
  "redisAzureCollectiveNoun": "Azure Cache for Redis",
  "redisAzureDependencyTypeName": "Azure Cache for Redis",
  "redisAzureDisplayName": "Azure Cache for Redis",
  "redisAzureDescription": "Redis エンジンの低遅延で高スループットな機能を利用することで、ユーザー負荷が増加したときでもアプリケーションの応答性を維持できます。",
  "redisSkuDropDownName": "SKU(_S)",
  "redisSkuDropDownDescription": "アプリのキャッシュ サイズとレプリケーションのニーズに合う SKU を選択します",
  "redisSkuDisplayBasicC0": "Basic C0 (250 MB キャッシュ)",
  "redisSkuDisplayBasicC1": "Basic C1 (1 GB キャッシュ)",
  "redisSkuDisplayBasicC2": "Basic C2 (2.5 GB キャッシュ)",
  "redisSkuDisplayBasicC3": "Basic C3 (6 GB キャッシュ)",
  "redisSkuDisplayBasicC4": "Basic C4 (13 GB キャッシュ)",
  "redisSkuDisplayBasicC5": "Basic C5 (26 GB キャッシュ)",
  "redisSkuDisplayBasicC6": "Basic C6 (53 GB キャッシュ)",
  "redisSkuDisplayStandardC0": "Standard C0 (250 MB キャッシュ、レプリケーション)",
  "redisSkuDisplayStandardC1": "Standard C1 (1 GB キャッシュ、レプリケーション)",
  "redisSkuDisplayStandardC2": "Standard C2 (2.5 GB キャッシュ、レプリケーション)",
  "redisSkuDisplayStandardC3": "Standard C3 (6 GB キャッシュ、レプリケーション)",
  "redisSkuDisplayStandardC4": "Standard C4 (13 GB キャッシュ、レプリケーション)",
  "redisSkuDisplayStandardC5": "Standard C5 (26 GB キャッシュ、レプリケーション)",
  "redisSkuDisplayStandardC6": "Standard C6 (53 GB キャッシュ、レプリケーション)",
  "redisSkuDisplayPremiumP1": "Premium P1 (1 GB キャッシュ、レプリケーション)",
  "redisSkuDisplayPremiumP2": "Premium P2 (2.5 GB キャッシュ、レプリケーション)",
  "redisSkuDisplayPremiumP3": "Premium P3 (6 GB キャッシュ、レプリケーション)",
  "redisSkuDisplayPremiumP4": "Premium P4 (13 GB キャッシュ、レプリケーション)",
  "redisSkuDisplayPremiumP5": "Premium P5 (26 GB キャッシュ、レプリケーション)",
  "redisResourceNameLabel": "リソース名(_R)",
  "redisSelectedSkuMustBeSet": "SKU を設定する必要があります",
  "redisCreateNameInstance": "Azure Cache for Redis を作成します",
  "redisNameContainsReservedWords": "名前に商標または予約語を含めることはできません。",
  "redisNameNotAvailable": "名前は使用できません",
  "redisNameNotMeetCriteria": "名前に使用できるのは、アルファベット、数字、ハイフンのみです。先頭と末尾の文字はアルファベットまたは数字にする必要があります。ハイフンを連続して使用することはできません。",
  "redisUnableToCheckNameAvailable": "名前を使用できるかどうかをチェックできません",
  "redisUnableToCheckNameValid": "名前が有効であるかどうかを確認できません",
  "connectionSettingName": "Connection setting _name",
  "connectionStringNameLabel": "接続文字列名(_S)",
  "connectionStringNameDescription": "このリソースを参照するコードの名前です",
  "locationDropDownName": "場所(_L)",
  "locationDropDownDescription": "リソースを作成する場所",
  "newCommandLabel": "新規作成...",
  "organizationNameIsRequired": "組織が必要です",
  "organizationNameLabel": "組織(_O)",
  "organizationNameDescription": "開発者ポータルとメール通知で使用する組織の名前を指定します。",
  "resourceTypeNotSupportedError": "リソースの種類は、このサブスクリプションではサポートされていません",
  "selectedLocationMustBeSet": "場所を設定する必要があります",
  "locationColumnHeader": "場所(_L)",
  "resourceGroupColumnHeader": "リソース グループ(_G)",
  "nameColumnHeader": "名前(_N)",
  "skuColumnHeader": "SKU(_K)",
  "urlSuffixLengthMustBeValid": "URL サフィックスは 400 文字未満にする必要があります",
  "serviceLinkerDisplayName": "サービス コネクタ",
  "serviceLinkerAzureDescription": "サービス コネクタは、コンピューティングを使用するリソースと他の Azure リソースとの間の接続を作成します",
  "serviceLinkerAzureCollectiveNoun": "サービス コネクタ リンク",
  "signalrCollectiveNoun": "SignalR インスタンス",
  "signalrAzureDescription": "Web アプリケーションへのリアルタイム コミュニケーションを簡単に有効にします。",
  "signalrAzureDisplayName": "Azure SignalR Service",
  "signalrPricingTierDropDownName": "価格レベル(_P)",
  "signalrPricingTierDropDownDescription": "アプリのキャッシュ サイズとレプリケーションのニーズに合う SKU を選択します",
  "signalrPricingTierDisplayStandard": "Standard",
  "signalrPricingTierDisplayFree": "Free",
  "signalrPricingTierDisplayPremium": "Premium",
  "signalrResourceNameLabel": "リソース名(_N)",
  "signalrNameNotMeetCriteria": "名前の長さは 3 から 63 文字にする必要があります。また、英数字とハイフンのみを使用できます。",
  "signalrNameContainsReservedWords": "リソース名に商標または予約語を含めることはできません。",
  "signalrUnableToCheckNameAvailable": "名前を使用できるかどうかをチェックできません",
  "signalrUnableToCheckNameValid": "名前が有効であるかどうかを確認できません",
  "signalrNameNotAvailable": "既に使用中の名前です",
  "signalrSelectedSkuMustBeSet": "SKU を設定する必要があります",
  "signalrCreateInstanceText": "Azure SignalR Service のインスタンスを作成する",
  "signalrSkuCount": "サブスクリプションに Free レベルの 5 個を超える SignalR サービスを設定することはできません",
  "azureKubernetesService": "Azure Kubernetes Service",
  "azureKubernetesServiceCollectiveNoun": "Azure Kubernetes Services",
  "azureKubernetesServiceDescription": "Azure Kubernetes Service 内で実行されているアプリケーション",
  "azureVirtualMachineScaleSet": "Azure 仮想マシン スケール セット",
  "azureVirtualMachineScaleSetCollectiveNoun": "Azure 仮想マシン スケール セット",
  "azureVirtualMachineScaleSetDescription": "Azure 仮想マシン スケール セット内で実行されているアプリケーション",
  "azureVirtualMachineScaleSetWindows": "Azure 仮想マシン スケール セット (Windows)",
  "azureVirtualMachineScaleSetWindowsCollectiveNoun": "Azure 仮想マシン スケール セット (Windows)",
  "azureVirtualMachineScaleSetWindowsDescription": "Azure 仮想マシン スケール セット (Windows) 内で実行されているアプリケーション",
  "azureClassicVirtualMachine": "Azure Classic Virtual Machine",
  "azureClassicVirtualMachineCollectiveNoun": "Azure クラシック仮想マシン",
  "azureClassicVirtualMachineDescription": "Azure クラシック仮想マシン内で実行されているアプリケーション",
  "azureClassicVirtualMachineWindows": "Azure クラシック仮想マシン (Windows)",
  "azureClassicVirtualMachineWindowsCollectiveNoun": "Azure クラシック仮想マシン (Windows)",
  "azureClassicVirtualMachineWindowsDescription": "Azure クラシック仮想マシン (Windows) 内で実行されているアプリケーション",
  "springCloudAppDescription": "Azure Spring Cloud 内で実行されているアプリケーションです。",
  "springCloudAppDisplayName": "Azure Spring Cloud アプリ",
  "springCloudAppsFolderName": "アプリ",
  "springCloudAppCollectiveNoun": "Azure Spring Cloud アプリ",
  "springCloudAppCreateNameInstance": "Azure Spring Cloud アプリを作成します",
  "springCloudAppResourceNameLabel": "アプリ名(_N)",
  "springCloudAppNameContainsReservedWords": "アプリ名に商標または予約語を含めることはできません。",
  "springCloudAppNameNotMeetCriteria": "名前に使用できるのは、小文字、数字、ハイフンのみです。先頭の文字はアルファベットとし、末尾の文字はアルファベットまたは数字にする必要があります。値の長さは 4 から 32 文字にする必要があります。",
  "springCloudAppNameNotAvailable": "既に使用中の名前です",
  "springCloudAppUnableToCheckNameAvailable": "名前を使用できるかどうかをチェックできません",
  "springCloudAppUnableToCheckNameValid": "名前が有効であるかどうかを確認できません",
  "springCloudDeploymentCollectiveNoun": "Azure Spring Cloud のデプロイ",
  "springCloudDeploymentDescription": "Azure Spring Cloud アプリでは、ブルー/グリーン サービス テストの複数のデプロイをホストできます",
  "springCloudDeploymentDisplayName": "Azure Spring Cloud のデプロイ",
  "springCloudServiceCollectiveNoun": "Azure Spring Cloud サービス",
  "springCloudServiceCreateNameInstance": "Azure Spring Cloud を作成します",
  "springCloudServiceDescription": "Azure Spring Cloud は、クラウドでのアプリケーションのビルド、デプロイ、スケーリング、監視を可能にする、サーバーレスのマイクロサービス プラットフォームです。Spring Cloud を使用して最新のマイクロサービスのパターンを Spring Boot アプリに適用し、定型的なコードを排除して、堅牢な .NET アプリを迅速にビルドすることができます。",
  "springCloudServiceDisplayName": "Azure Spring Cloud",
  "springCloudServiceLogAnalyticsMustBeSet": "Log Analytics ワークスペースを設定する必要があります",
  "springCloudServiceResourceNameLabel": "サービス名(_N)",
  "springCloudServiceNameNotMeetCriteria": "名前に使用できるのは、小文字、数字、ハイフンのみです。先頭の文字はアルファベットとし、末尾の文字はアルファベットまたは数字にする必要があります。値の長さは 4 から 32 文字にする必要があります。",
  "springCloudServiceNameNotAvailable": "既に使用中の名前です",
  "springCloudServiceUnableToCheckNameAvailable": "名前を使用できるかどうかをチェックできません",
  "springCloudServicesDropdownLabel": "Azure Spring Cloud(_P)",
  "springCloudServicesDropdownDescription": "このアプリケーションが実行される Azure Spring Cloud を選択します。",
  "springCloudServiceSkuBasic": "Basic",
  "springCloudServiceSkuStandard": "Standard",
  "springCloudServiceLocationMustBeSet": "場所を設定する必要があります",
  "springCloudServiceNoAppInsights": "App Insights なし",
  "springCloudServiceNoLogAnalytics": "Log Analytics はありません",
  "springCloudServiceAppInsightsMustBeSet": "App Insights を設定する必要があります",
  "springCloudServicePricingTierMustBeSet": "価格レベルを設定する必要があります",
  "springCloudServicePricingTiersLabel": "価格レベル(_P)",
  "springCloudServicePricingTiersDescription": "価格レベルによって、お客様のインスタンスに関連付けられるリソースとコストが決まります。",
  "springCloudServiceMustBeSet": "Azure Spring Cloud を設定する必要があります",
  "springCloudServiceNameContainsReservedWords": "サービス名に商標または予約語を含めることはできません。",
  "springCloudServiceUnableToCheckNameValid": "名前が有効であるかどうかを確認できません"
}